pixel_id,elevation,toid,within_building,without_building,height,base_roof_height
224341,106.63,osgb5000005134753276,False,False,8.4,7.6
224342,106.6,osgb5000005134753276,False,False,8.4,7.6
224941,106.66,osgb5000005134753276,False,False,8.4,7.6
224942,106.69,osgb5000005134753276,False,False,8.4,7.6
224943,106.63,osgb5000005134753276,False,False,8.4,7.6
225552,106.66,osgb5000005134753276,False,False,8.4,7.6
225553,106.68,osgb5000005134753276,False,False,8.4,7.6
225554,106.67,osgb5000005134753276,False,False,8.4,7.6
225555,106.68,osgb5000005134753276,False,False,8.4,7.6
225556,106.66,osgb5000005134753276,False,False,8.4,7.6
225557,106.67,osgb5000005134753276,False,False,8.4,7.6
226184,106.67,osgb5000005134753276,False,False,8.4,7.6
226185,106.69,osgb5000005134753276,False,False,8.4,7.6
226186,106.68,osgb5000005134753276,False,False,8.4,7.6
226187,106.66,osgb5000005134753276,False,False,8.4,7.6
226188,106.67,osgb5000005134753276,False,False,8.4,7.6
226189,106.66,osgb5000005134753276,False,False,8.4,7.6
226190,106.64,osgb5000005134753276,False,False,8.4,7.6
226191,106.67,osgb5000005134753276,False,False,8.4,7.6
226815,106.69,osgb5000005134753276,False,False,8.4,7.6
226816,106.68,osgb5000005134753276,False,False,8.4,7.6
226817,106.7,osgb5000005134753276,False,False,8.4,7.6
226818,106.71,osgb5000005134753276,False,False,8.4,7.6
226819,106.71,osgb5000005134753276,False,False,8.4,7.6
226820,106.7,osgb5000005134753276,False,False,8.4,7.6
226821,106.69,osgb5000005134753276,False,False,8.4,7.6
226822,106.68,osgb5000005134753276,False,False,8.4,7.6
226823,106.65,osgb5000005134753276,False,False,8.4,7.6
226824,106.69,osgb5000005134753276,False,False,8.4,7.6
227442,106.72,osgb5000005134753276,False,False,8.4,7.6
227443,106.72,osgb5000005134753276,False,False,8.4,7.6
227444,106.71,osgb5000005134753276,False,False,8.4,7.6
227445,106.73,osgb5000005134753276,True,False,8.4,7.6
227446,106.69,osgb5000005134753276,True,False,8.4,7.6
227447,106.69,osgb5000005134753276,False,False,8.4,7.6
227448,106.68,osgb5000005134753276,False,False,8.4,7.6
227449,106.74,osgb5000005134753276,False,False,8.4,7.6
227450,106.69,osgb5000005134753276,False,False,8.4,7.6
227451,106.67,osgb5000005134753276,False,False,8.4,7.6
227452,106.69,osgb5000005134753276,False,False,8.4,7.6
227453,106.7,osgb5000005134753276,False,False,8.4,7.6
228079,106.77,osgb5000005134753276,False,False,8.4,7.6
228080,106.74,osgb5000005134753276,False,False,8.4,7.6
228081,106.73,osgb5000005134753276,False,False,8.4,7.6
228082,106.72,osgb5000005134753276,True,False,8.4,7.6
228083,106.75,osgb5000005134753276,True,False,8.4,7.6
228084,106.73,osgb5000005134753276,True,False,8.4,7.6
228085,106.76,osgb5000005134753276,True,False,8.4,7.6
228086,106.76,osgb5000005134753276,True,False,8.4,7.6
228087,106.7,osgb5000005134753276,False,False,8.4,7.6
228088,106.75,osgb5000005134753276,False,False,8.4,7.6
228089,106.72,osgb5000005134753276,False,False,8.4,7.6
228090,106.72,osgb5000005134753276,False,False,8.4,7.6
228091,106.68,osgb5000005134753276,False,False,8.4,7.6
228092,106.71,osgb5000005134753276,False,False,8.4,7.6
228720,106.8,osgb5000005134753276,False,False,8.4,7.6
228721,106.78,osgb5000005134753276,False,False,8.4,7.6
228722,106.75,osgb5000005134753276,False,False,8.4,7.6
228723,106.77,osgb5000005134753276,True,False,8.4,7.6
228724,106.73,osgb5000005134753276,True,False,8.4,7.6
228725,106.74,osgb5000005134753276,True,False,8.4,7.6
228726,106.79,osgb5000005134753276,True,False,8.4,7.6
228727,106.75,osgb5000005134753276,True,False,8.4,7.6
228728,106.74,osgb5000005134753276,True,False,8.4,7.6
228729,106.71,osgb5000005134753276,True,False,8.4,7.6
228730,106.74,osgb5000005134753276,False,False,8.4,7.6
228731,106.75,osgb5000005134753276,False,False,8.4,7.6
228732,106.76,osgb5000005134753276,False,False,8.4,7.6
228733,106.77,osgb5000005134753276,False,False,8.4,7.6
228734,106.76,osgb5000005134753276,False,False,8.4,7.6
228735,106.74,osgb5000005134753276,False,False,8.4,7.6
229355,107.14,osgb5000005134753276,False,False,8.4,7.6
229356,106.95,osgb5000005134753276,False,False,8.4,7.6
229357,106.82,osgb5000005134753276,False,False,8.4,7.6
229358,106.82,osgb5000005134753276,True,False,8.4,7.6
229359,106.79,osgb5000005134753276,True,False,8.4,7.6
229360,106.74,osgb5000005134753276,True,False,8.4,7.6
229361,106.74,osgb5000005134753276,True,False,8.4,7.6
229362,106.79,osgb5000005134753276,True,False,8.4,7.6
229363,106.76,osgb5000005134753276,True,False,8.4,7.6
229364,106.77,osgb5000005134753276,True,False,8.4,7.6
229365,106.78,osgb5000005134753276,True,False,8.4,7.6
229366,106.78,osgb5000005134753276,True,False,8.4,7.6
229367,106.79,osgb5000005134753276,False,False,8.4,7.6
229368,106.81,osgb5000005134753276,False,False,8.4,7.6
229369,106.78,osgb5000005134753276,False,False,8.4,7.6
229370,106.8,osgb5000005134753276,False,False,8.4,7.6
229371,106.78,osgb5000005134753276,False,False,8.4,7.6
229372,106.77,osgb5000005134753276,False,False,8.4,7.6
230005,107.92,osgb5000005134753276,False,False,8.4,7.6
230006,107.32,osgb5000005134753276,False,False,8.4,7.6
230007,106.96,osgb5000005134753276,False,False,8.4,7.6
230008,106.82,osgb5000005134753276,True,False,8.4,7.6
230009,106.82,osgb5000005134753276,True,False,8.4,7.6
230010,106.8,osgb5000005134753276,True,False,8.4,7.6
230011,106.77,osgb5000005134753276,True,False,8.4,7.6
230012,106.8,osgb5000005134753276,True,False,8.4,7.6
230013,106.78,osgb5000005134753276,True,False,8.4,7.6
230014,106.79,osgb5000005134753276,True,False,8.4,7.6
230015,106.79,osgb5000005134753276,True,False,8.4,7.6
230016,106.81,osgb5000005134753276,True,False,8.4,7.6
230017,106.79,osgb5000005134753276,True,False,8.4,7.6
230018,106.81,osgb5000005134753276,False,False,8.4,7.6
230019,106.79,osgb5000005134753276,False,False,8.4,7.6
230020,106.81,osgb5000005134753276,False,False,8.4,7.6
230021,106.82,osgb5000005134753276,False,False,8.4,7.6
230022,106.78,osgb5000005134753276,False,False,8.4,7.6
230023,106.8,osgb5000005134753276,False,False,8.4,7.6
230024,106.8,osgb5000005134753276,False,False,8.4,7.6
230679,109.31,osgb5000005134753276,False,False,8.4,7.6
230683,108.96,osgb5000005134753276,False,False,8.4,7.6
230684,108.53,osgb5000005134753276,False,False,8.4,7.6
230685,108.13,osgb5000005134753276,False,False,8.4,7.6
230686,107.69,osgb5000005134753276,True,False,8.4,7.6
230687,107.33,osgb5000005134753276,True,False,8.4,7.6
230688,106.98,osgb5000005134753276,True,False,8.4,7.6
230689,106.88,osgb5000005134753276,True,False,8.4,7.6
230690,106.84,osgb5000005134753276,True,False,8.4,7.6
230691,106.82,osgb5000005134753276,True,False,8.4,7.6
230692,106.85,osgb5000005134753276,True,False,8.4,7.6
230693,106.8,osgb5000005134753276,True,False,8.4,7.6
230694,106.81,osgb5000005134753276,True,False,8.4,7.6
230695,106.81,osgb5000005134753276,True,False,8.4,7.6
230696,106.83,osgb5000005134753276,True,False,8.4,7.6
230697,106.82,osgb5000005134753276,True,False,8.4,7.6
230698,106.81,osgb5000005134753276,True,False,8.4,7.6
230699,106.82,osgb5000005134753276,False,False,8.4,7.6
230700,106.83,osgb5000005134753276,False,False,8.4,7.6
230701,106.84,osgb5000005134753276,False,False,8.4,7.6
230702,106.81,osgb5000005134753276,False,False,8.4,7.6
230703,106.8,osgb5000005134753276,False,False,8.4,7.6
230704,106.81,osgb5000005134753276,False,False,8.4,7.6
230705,106.81,osgb5000005134753276,False,False,8.4,7.6
231365,111.41,osgb5000005134753276,False,False,8.4,7.6
231366,109.34,osgb5000005134753276,False,False,8.4,7.6
231367,109.25,osgb5000005134753276,False,False,8.4,7.6
231370,109.11,osgb5000005134753276,False,False,8.4,7.6
231371,108.98,osgb5000005134753276,False,False,8.4,7.6
231372,108.76,osgb5000005134753276,False,False,8.4,7.6
231373,108.51,osgb5000005134753276,True,False,8.4,7.6
231374,108.0,osgb5000005134753276,True,False,8.4,7.6
231375,107.49,osgb5000005134753276,True,False,8.4,7.6
231376,107.19,osgb5000005134753276,True,False,8.4,7.6
231377,106.96,osgb5000005134753276,True,False,8.4,7.6
231378,106.95,osgb5000005134753276,True,False,8.4,7.6
231379,106.81,osgb5000005134753276,True,False,8.4,7.6
231380,106.82,osgb5000005134753276,True,False,8.4,7.6
231381,106.84,osgb5000005134753276,True,False,8.4,7.6
231382,106.87,osgb5000005134753276,True,False,8.4,7.6
231383,106.87,osgb5000005134753276,True,False,8.4,7.6
231384,106.87,osgb5000005134753276,True,False,8.4,7.6
231385,106.84,osgb5000005134753276,True,False,8.4,7.6
231386,106.82,osgb5000005134753276,True,False,8.4,7.6
231387,106.83,osgb5000005134753276,True,False,8.4,7.6
231388,106.83,osgb5000005134753276,False,False,8.4,7.6
231389,106.86,osgb5000005134753276,False,False,8.4,7.6
231390,106.82,osgb5000005134753276,False,False,8.4,7.6
231391,106.85,osgb5000005134753276,False,False,8.4,7.6
231392,106.86,osgb5000005134753276,False,False,8.4,7.6
231393,106.86,osgb5000005134753276,False,False,8.4,7.6
232039,111.04,osgb5000005134753276,False,False,8.4,7.6
232040,111.15,osgb5000005134753276,False,False,8.4,7.6
232041,109.79,osgb5000005134753276,False,False,8.4,7.6
232042,109.44,osgb5000005134753276,False,False,8.4,7.6
232043,109.19,osgb5000005134753276,False,False,8.4,7.6
232044,109.23,osgb5000005134753276,False,False,8.4,7.6
232045,109.18,osgb5000005134753276,False,False,8.4,7.6
232046,109.13,osgb5000005134753276,False,False,8.4,7.6
232047,108.95,osgb5000005134753276,True,False,8.4,7.6
232048,108.7,osgb5000005134753276,True,False,8.4,7.6
232049,108.24,osgb5000005134753276,True,False,8.4,7.6
232050,108.05,osgb5000005134753276,True,False,8.4,7.6
232051,107.49,osgb5000005134753276,True,False,8.4,7.6
232052,107.16,osgb5000005134753276,True,False,8.4,7.6
232053,106.89,osgb5000005134753276,True,False,8.4,7.6
232054,106.85,osgb5000005134753276,True,False,8.4,7.6
232055,106.81,osgb5000005134753276,True,False,8.4,7.6
232056,106.84,osgb5000005134753276,True,False,8.4,7.6
232057,106.88,osgb5000005134753276,True,False,8.4,7.6
232058,106.86,osgb5000005134753276,True,False,8.4,7.6
232059,106.84,osgb5000005134753276,True,False,8.4,7.6
232060,106.86,osgb5000005134753276,True,False,8.4,7.6
232061,106.87,osgb5000005134753276,True,False,8.4,7.6
232062,106.88,osgb5000005134753276,True,False,8.4,7.6
232063,106.86,osgb5000005134753276,True,False,8.4,7.6
232064,106.87,osgb5000005134753276,False,False,8.4,7.6
232065,106.82,osgb5000005134753276,False,False,8.4,7.6
232066,106.84,osgb5000005134753276,False,False,8.4,7.6
232067,106.83,osgb5000005134753276,False,False,8.4,7.6
232068,106.84,osgb5000005134753276,False,False,8.4,7.6
232069,106.83,osgb5000005134753276,False,False,8.4,7.6
232731,110.8,osgb5000005134753276,False,False,8.4,7.6
232732,111.04,osgb5000005134753276,False,False,8.4,7.6
232733,111.08,osgb5000005134753276,False,False,8.4,7.6
232734,110.46,osgb5000005134753276,False,False,8.4,7.6
232735,109.29,osgb5000005134753276,False,False,8.4,7.6
232736,109.2,osgb5000005134753276,False,False,8.4,7.6
232737,109.18,osgb5000005134753276,False,False,8.4,7.6
232738,109.1,osgb5000005134753276,True,False,8.4,7.6
232739,109.02,osgb5000005134753276,True,False,8.4,7.6
232740,108.85,osgb5000005134753276,True,False,8.4,7.6
232741,108.6,osgb5000005134753276,True,False,8.4,7.6
232742,108.38,osgb5000005134753276,True,False,8.4,7.6
232743,107.74,osgb5000005134753276,True,False,8.4,7.6
232744,107.29,osgb5000005134753276,True,False,8.4,7.6
232745,107.06,osgb5000005134753276,True,False,8.4,7.6
232746,106.84,osgb5000005134753276,True,False,8.4,7.6
232747,106.81,osgb5000005134753276,True,False,8.4,7.6
232748,106.84,osgb5000005134753276,True,False,8.4,7.6
232749,106.92,osgb5000005134753276,True,False,8.4,7.6
232750,106.92,osgb5000005134753276,True,False,8.4,7.6
232751,106.9,osgb5000005134753276,True,False,8.4,7.6
232752,106.88,osgb5000005134753276,True,False,8.4,7.6
232753,106.83,osgb5000005134753276,True,False,8.4,7.6
232754,106.84,osgb5000005134753276,True,False,8.4,7.6
232755,106.83,osgb5000005134753276,True,False,8.4,7.6
232756,106.84,osgb5000005134753276,True,False,8.4,7.6
232757,106.83,osgb5000005134753276,False,False,8.4,7.6
232758,106.83,osgb5000005134753276,False,False,8.4,7.6
232759,106.83,osgb5000005134753276,False,False,8.4,7.6
232760,106.83,osgb5000005134753276,False,False,8.4,7.6
232761,106.82,osgb5000005134753276,False,False,8.4,7.6
232762,106.81,osgb5000005134753276,False,False,8.4,7.6
233443,110.79,osgb5000005134753276,False,False,8.4,7.6
233444,110.93,osgb5000005134753276,False,False,8.4,7.6
233445,111.37,osgb5000005134753276,False,False,8.4,7.6
233446,111.02,osgb5000005134753276,False,False,8.4,7.6
233447,109.98,osgb5000005134753276,False,False,8.4,7.6
233448,109.2,osgb5000005134753276,True,False,8.4,7.6
233449,109.18,osgb5000005134753276,True,False,8.4,7.6
233450,109.15,osgb5000005134753276,True,False,8.4,7.6
233451,109.04,osgb5000005134753276,True,False,8.4,7.6
233452,108.96,osgb5000005134753276,True,False,8.4,7.6
233453,108.69,osgb5000005134753276,True,False,8.4,7.6
233454,108.49,osgb5000005134753276,True,False,8.4,7.6
233455,108.1,osgb5000005134753276,True,False,8.4,7.6
233456,107.72,osgb5000005134753276,True,False,8.4,7.6
233457,107.42,osgb5000005134753276,True,False,8.4,7.6
233458,107.07,osgb5000005134753276,True,False,8.4,7.6
233459,106.91,osgb5000005134753276,True,False,8.4,7.6
233460,106.88,osgb5000005134753276,True,False,8.4,7.6
233461,106.9,osgb5000005134753276,True,False,8.4,7.6
233462,106.89,osgb5000005134753276,True,False,8.4,7.6
233463,106.88,osgb5000005134753276,True,False,8.4,7.6
233464,106.88,osgb5000005134753276,True,False,8.4,7.6
233465,106.89,osgb5000005134753276,True,False,8.4,7.6
233466,106.86,osgb5000005134753276,True,False,8.4,7.6
233467,106.84,osgb5000005134753276,True,False,8.4,7.6
233468,106.85,osgb5000005134753276,True,False,8.4,7.6
233469,106.81,osgb5000005134753276,False,False,8.4,7.6
233470,106.83,osgb5000005134753276,False,False,8.4,7.6
233471,106.84,osgb5000005134753276,False,False,8.4,7.6
233472,106.84,osgb5000005134753276,False,False,8.4,7.6
233473,106.83,osgb5000005134753276,False,False,8.4,7.6
233474,106.86,osgb5000005134753276,False,False,8.4,7.6
233475,106.83,osgb5000005134753276,False,False,8.4,7.6
234157,110.87,osgb5000005134753276,False,False,8.4,7.6
234158,110.89,osgb5000005134753276,False,False,8.4,7.6
234159,110.97,osgb5000005134753276,False,False,8.4,7.6
234160,111.01,osgb5000005134753276,False,False,8.4,7.6
234161,110.48,osgb5000005134753276,False,False,8.4,7.6
234162,109.55,osgb5000005134753276,True,False,8.4,7.6
234163,109.11,osgb5000005134753276,True,False,8.4,7.6
234164,109.15,osgb5000005134753276,True,False,8.4,7.6
234165,109.07,osgb5000005134753276,True,False,8.4,7.6
234166,109.05,osgb5000005134753276,True,False,8.4,7.6
234167,108.94,osgb5000005134753276,True,False,8.4,7.6
234168,108.71,osgb5000005134753276,True,False,8.4,7.6
234169,108.29,osgb5000005134753276,True,False,8.4,7.6
234170,107.79,osgb5000005134753276,True,False,8.4,7.6
234171,107.36,osgb5000005134753276,True,False,8.4,7.6
234172,107.07,osgb5000005134753276,True,False,8.4,7.6
234173,106.92,osgb5000005134753276,True,False,8.4,7.6
234174,106.92,osgb5000005134753276,True,False,8.4,7.6
234175,106.94,osgb5000005134753276,True,False,8.4,7.6
234176,106.94,osgb5000005134753276,True,False,8.4,7.6
234177,106.9,osgb5000005134753276,True,False,8.4,7.6
234178,106.89,osgb5000005134753276,True,False,8.4,7.6
234179,106.88,osgb5000005134753276,True,False,8.4,7.6
234180,106.88,osgb5000005134753276,True,False,8.4,7.6
234181,106.87,osgb5000005134753276,True,False,8.4,7.6
234182,106.87,osgb5000005134753276,True,False,8.4,7.6
234183,106.85,osgb5000005134753276,True,False,8.4,7.6
234184,106.85,osgb5000005134753276,False,False,8.4,7.6
234185,106.85,osgb5000005134753276,False,False,8.4,7.6
234186,106.84,osgb5000005134753276,False,False,8.4,7.6
234187,106.84,osgb5000005134753276,False,False,8.4,7.6
234188,106.81,osgb5000005134753276,False,False,8.4,7.6
234189,106.84,osgb5000005134753276,False,False,8.4,7.6
234190,106.84,osgb5000005134753276,False,False,8.4,7.6
234885,110.93,osgb5000005134753276,False,False,8.4,7.6
234886,110.86,osgb5000005134753276,False,False,8.4,7.6
234887,110.85,osgb5000005134753276,False,False,8.4,7.6
234888,111.02,osgb5000005134753276,False,False,8.4,7.6
234889,111.37,osgb5000005134753276,False,False,8.4,7.6
234890,110.94,osgb5000005134753276,False,False,8.4,7.6
234891,110.1,osgb5000005134753276,True,False,8.4,7.6
234892,109.13,osgb5000005134753276,True,False,8.4,7.6
234893,109.08,osgb5000005134753276,True,False,8.4,7.6
234894,109.05,osgb5000005134753276,True,False,8.4,7.6
234895,108.96,osgb5000005134753276,True,False,8.4,7.6
234896,108.83,osgb5000005134753276,True,False,8.4,7.6
234897,108.53,osgb5000005134753276,True,False,8.4,7.6
234898,108.26,osgb5000005134753276,True,False,8.4,7.6
234899,107.76,osgb5000005134753276,True,False,8.4,7.6
234900,107.35,osgb5000005134753276,True,False,8.4,7.6
234901,107.07,osgb5000005134753276,True,False,8.4,7.6
234902,106.92,osgb5000005134753276,True,False,8.4,7.6
234903,106.9,osgb5000005134753276,True,False,8.4,7.6
234904,106.91,osgb5000005134753276,True,False,8.4,7.6
234905,106.88,osgb5000005134753276,True,False,8.4,7.6
234906,106.91,osgb5000005134753276,True,False,8.4,7.6
234907,106.92,osgb5000005134753276,True,False,8.4,7.6
234908,106.9,osgb5000005134753276,True,False,8.4,7.6
234909,106.89,osgb5000005134753276,True,False,8.4,7.6
234910,106.88,osgb5000005134753276,True,False,8.4,7.6
234911,106.88,osgb5000005134753276,True,False,8.4,7.6
234912,106.87,osgb5000005134753276,True,False,8.4,7.6
234913,106.85,osgb5000005134753276,False,False,8.4,7.6
234914,106.86,osgb5000005134753276,False,False,8.4,7.6
234915,106.89,osgb5000005134753276,False,False,8.4,7.6
234916,106.87,osgb5000005134753276,False,False,8.4,7.6
234917,106.84,osgb5000005134753276,False,False,8.4,7.6
234918,106.83,osgb5000005134753276,False,False,8.4,7.6
235607,111.01,osgb5000005134753276,False,False,8.4,7.6
235608,110.98,osgb5000005134753276,False,False,8.4,7.6
235609,110.93,osgb5000005134753276,False,False,8.4,7.6
235610,111.11,osgb5000005134753276,False,False,8.4,7.6
235611,111.26,osgb5000005134753276,False,False,8.4,7.6
235612,111.02,osgb5000005134753276,False,False,8.4,7.6
235613,110.84,osgb5000005134753276,True,False,8.4,7.6
235614,109.3,osgb5000005134753276,True,False,8.4,7.6
235615,109.11,osgb5000005134753276,True,False,8.4,7.6
235616,109.11,osgb5000005134753276,True,False,8.4,7.6
235617,109.04,osgb5000005134753276,True,False,8.4,7.6
235618,108.95,osgb5000005134753276,True,False,8.4,7.6
235619,108.78,osgb5000005134753276,True,False,8.4,7.6
235620,108.31,osgb5000005134753276,True,False,8.4,7.6
235621,107.97,osgb5000005134753276,True,False,8.4,7.6
235622,107.56,osgb5000005134753276,True,False,8.4,7.6
235623,107.28,osgb5000005134753276,True,False,8.4,7.6
235624,107.07,osgb5000005134753276,True,False,8.4,7.6
235625,106.97,osgb5000005134753276,True,False,8.4,7.6
235626,106.92,osgb5000005134753276,True,False,8.4,7.6
235627,106.89,osgb5000005134753276,True,False,8.4,7.6
235628,106.91,osgb5000005134753276,True,False,8.4,7.6
235629,106.88,osgb5000005134753276,True,False,8.4,7.6
235630,106.88,osgb5000005134753276,True,False,8.4,7.6
235631,106.91,osgb5000005134753276,True,False,8.4,7.6
235632,106.9,osgb5000005134753276,True,False,8.4,7.6
235633,106.89,osgb5000005134753276,True,False,8.4,7.6
235634,106.9,osgb5000005134753276,True,False,8.4,7.6
235635,106.9,osgb5000005134753276,True,False,8.4,7.6
235636,106.86,osgb5000005134753276,False,False,8.4,7.6
235637,106.85,osgb5000005134753276,False,False,8.4,7.6
235638,106.84,osgb5000005134753276,False,False,8.4,7.6
235639,106.85,osgb5000005134753276,False,False,8.4,7.6
235640,106.87,osgb5000005134753276,False,False,8.4,7.6
235641,106.89,osgb5000005134753276,False,False,8.4,7.6
236310,110.99,osgb5000005134753276,False,False,8.4,7.6
236311,111.0,osgb5000005134753276,False,False,8.4,7.6
236312,110.94,osgb5000005134753276,False,False,8.4,7.6
236313,110.94,osgb5000005134753276,False,False,8.4,7.6
236314,111.06,osgb5000005134753276,False,False,8.4,7.6
236315,111.15,osgb5000005134753276,False,False,8.4,7.6
236316,110.04,osgb5000005134753276,True,False,8.4,7.6
236317,109.36,osgb5000005134753276,True,False,8.4,7.6
236318,109.07,osgb5000005134753276,True,False,8.4,7.6
236319,109.06,osgb5000005134753276,True,False,8.4,7.6
236320,109.03,osgb5000005134753276,True,False,8.4,7.6
236321,109.03,osgb5000005134753276,True,False,8.4,7.6
236322,108.78,osgb5000005134753276,True,False,8.4,7.6
236323,108.35,osgb5000005134753276,True,False,8.4,7.6
236324,107.86,osgb5000005134753276,True,False,8.4,7.6
236325,107.41,osgb5000005134753276,True,False,8.4,7.6
236326,107.09,osgb5000005134753276,True,False,8.4,7.6
236327,106.95,osgb5000005134753276,True,False,8.4,7.6
236328,106.91,osgb5000005134753276,True,False,8.4,7.6
236329,106.93,osgb5000005134753276,True,False,8.4,7.6
236330,106.92,osgb5000005134753276,True,False,8.4,7.6
236331,106.93,osgb5000005134753276,True,False,8.4,7.6
236332,106.91,osgb5000005134753276,True,False,8.4,7.6
236333,106.88,osgb5000005134753276,True,False,8.4,7.6
236334,106.86,osgb5000005134753276,True,False,8.4,7.6
236335,106.87,osgb5000005134753276,True,False,8.4,7.6
236336,106.88,osgb5000005134753276,True,False,8.4,7.6
236337,106.91,osgb5000005134753276,True,False,8.4,7.6
236338,106.93,osgb5000005134753276,True,False,8.4,7.6
236339,106.91,osgb5000005134753276,False,False,8.4,7.6
236340,106.88,osgb5000005134753276,False,False,8.4,7.6
236341,106.88,osgb5000005134753276,False,False,8.4,7.6
236342,106.87,osgb5000005134753276,False,False,8.4,7.6
236343,106.86,osgb5000005134753276,False,False,8.4,7.6
236344,106.88,osgb5000005134753276,False,False,8.4,7.6
237033,111.0,osgb5000005134753276,False,False,8.4,7.6
237034,110.97,osgb5000005134753276,False,False,8.4,7.6
237035,110.91,osgb5000005134753276,False,False,8.4,7.6
237036,110.99,osgb5000005134753276,False,False,8.4,7.6
237037,111.21,osgb5000005134753276,False,False,8.4,7.6
237038,111.59,osgb5000005134753276,False,False,8.4,7.6
237039,111.18,osgb5000005134753276,True,False,8.4,7.6
237040,109.36,osgb5000005134753276,True,False,8.4,7.6
237041,109.07,osgb5000005134753276,True,False,8.4,7.6
237042,109.04,osgb5000005134753276,True,False,8.4,7.6
237043,108.97,osgb5000005134753276,True,False,8.4,7.6
237044,108.87,osgb5000005134753276,True,False,8.4,7.6
237045,108.47,osgb5000005134753276,True,False,8.4,7.6
237046,108.26,osgb5000005134753276,True,False,8.4,7.6
237047,107.88,osgb5000005134753276,True,False,8.4,7.6
237048,107.41,osgb5000005134753276,True,False,8.4,7.6
237049,107.06,osgb5000005134753276,True,False,8.4,7.6
237050,106.96,osgb5000005134753276,True,False,8.4,7.6
237051,106.94,osgb5000005134753276,True,False,8.4,7.6
237052,106.9,osgb5000005134753276,True,False,8.4,7.6
237053,106.88,osgb5000005134753276,True,False,8.4,7.6
237054,106.86,osgb5000005134753276,True,False,8.4,7.6
237055,106.92,osgb5000005134753276,True,False,8.4,7.6
237056,106.95,osgb5000005134753276,True,False,8.4,7.6
237057,106.93,osgb5000005134753276,True,False,8.4,7.6
237058,106.9,osgb5000005134753276,True,False,8.4,7.6
237059,106.9,osgb5000005134753276,True,False,8.4,7.6
237060,106.91,osgb5000005134753276,True,False,8.4,7.6
237061,106.93,osgb5000005134753276,False,False,8.4,7.6
237062,106.9,osgb5000005134753276,False,False,8.4,7.6
237063,106.91,osgb5000005134753276,False,False,8.4,7.6
237064,106.94,osgb5000005134753276,False,False,8.4,7.6
237065,106.91,osgb5000005134753276,False,False,8.4,7.6
237066,106.91,osgb5000005134753276,False,False,8.4,7.6
237067,106.91,osgb5000005134753276,False,False,8.4,7.6
237768,111.03,osgb5000005134753276,False,False,8.4,7.6
237769,111.05,osgb5000005134753276,False,False,8.4,7.6
237770,111.05,osgb5000005134753276,False,False,8.4,7.6
237771,111.0,osgb5000005134753276,False,False,8.4,7.6
237772,111.07,osgb5000005134753276,False,False,8.4,7.6
237773,111.27,osgb5000005134753276,False,False,8.4,7.6
237774,110.95,osgb5000005134753276,False,False,8.4,7.6
237775,109.59,osgb5000005134753276,True,False,8.4,7.6
237776,109.15,osgb5000005134753276,True,False,8.4,7.6
237777,109.11,osgb5000005134753276,True,False,8.4,7.6
237778,109.04,osgb5000005134753276,True,False,8.4,7.6
237779,109.02,osgb5000005134753276,True,False,8.4,7.6
237780,108.76,osgb5000005134753276,True,False,8.4,7.6
237781,108.42,osgb5000005134753276,True,False,8.4,7.6
237782,108.05,osgb5000005134753276,True,False,8.4,7.6
237783,107.6,osgb5000005134753276,True,False,8.4,7.6
237784,107.18,osgb5000005134753276,True,False,8.4,7.6
237785,107.01,osgb5000005134753276,True,False,8.4,7.6
237786,106.95,osgb5000005134753276,True,False,8.4,7.6
237787,106.99,osgb5000005134753276,True,False,8.4,7.6
237788,107.81,osgb5000005134753276,True,False,8.4,7.6
237789,106.87,osgb5000005134753276,True,False,8.4,7.6
237790,106.87,osgb5000005134753276,True,False,8.4,7.6
237791,106.9,osgb5000005134753276,True,False,8.4,7.6
237792,106.9,osgb5000005134753276,True,False,8.4,7.6
237793,106.91,osgb5000005134753276,True,False,8.4,7.6
237794,106.92,osgb5000005134753276,True,False,8.4,7.6
237795,106.97,osgb5000005134753276,True,False,8.4,7.6
237796,106.97,osgb5000005134753276,True,False,8.4,7.6
237797,106.94,osgb5000005134753276,False,False,8.4,7.6
237798,106.9,osgb5000005134753276,False,False,8.4,7.6
237799,106.89,osgb5000005134753276,False,False,8.4,7.6
237800,106.88,osgb5000005134753276,False,False,8.4,7.6
237801,106.9,osgb5000005134753276,False,False,8.4,7.6
237802,106.94,osgb5000005134753276,False,False,8.4,7.6
238485,111.09,osgb5000005134753276,False,False,8.4,7.6
238486,110.99,osgb5000005134753276,False,False,8.4,7.6
238487,110.93,osgb5000005134753276,False,False,8.4,7.6
238488,110.95,osgb5000005134753276,False,False,8.4,7.6
238489,110.93,osgb5000005134753276,False,False,8.4,7.6
238490,111.17,osgb5000005134753276,False,False,8.4,7.6
238491,110.8,osgb5000005134753276,True,False,8.4,7.6
238492,110.27,osgb5000005134753276,True,False,8.4,7.6
238493,109.11,osgb5000005134753276,True,False,8.4,7.6
238494,109.05,osgb5000005134753276,True,False,8.4,7.6
238495,109.04,osgb5000005134753276,True,False,8.4,7.6
238496,109.01,osgb5000005134753276,True,False,8.4,7.6
238497,108.92,osgb5000005134753276,True,False,8.4,7.6
238498,108.55,osgb5000005134753276,True,False,8.4,7.6
238499,108.01,osgb5000005134753276,True,False,8.4,7.6
238500,107.46,osgb5000005134753276,True,False,8.4,7.6
238501,107.04,osgb5000005134753276,True,False,8.4,7.6
238502,106.93,osgb5000005134753276,True,False,8.4,7.6
238503,106.9,osgb5000005134753276,True,False,8.4,7.6
238504,107.1,osgb5000005134753276,True,False,8.4,7.6
238505,106.92,osgb5000005134753276,True,False,8.4,7.6
238506,106.93,osgb5000005134753276,True,False,8.4,7.6
238507,106.99,osgb5000005134753276,True,False,8.4,7.6
238508,106.95,osgb5000005134753276,True,False,8.4,7.6
238509,106.92,osgb5000005134753276,True,False,8.4,7.6
238510,106.9,osgb5000005134753276,True,False,8.4,7.6
238511,106.93,osgb5000005134753276,True,False,8.4,7.6
238512,106.94,osgb5000005134753276,True,False,8.4,7.6
238513,106.93,osgb5000005134753276,True,False,8.4,7.6
238514,106.91,osgb5000005134753276,False,False,8.4,7.6
238515,106.93,osgb5000005134753276,False,False,8.4,7.6
238516,106.95,osgb5000005134753276,False,False,8.4,7.6
238517,106.94,osgb5000005134753276,False,False,8.4,7.6
238518,106.93,osgb5000005134753276,False,False,8.4,7.6
238519,106.93,osgb5000005134753276,False,False,8.4,7.6
239197,111.02,osgb5000005134753276,False,False,8.4,7.6
239198,111.01,osgb5000005134753276,False,False,8.4,7.6
239199,110.92,osgb5000005134753276,False,False,8.4,7.6
239200,110.88,osgb5000005134753276,False,False,8.4,7.6
239201,111.07,osgb5000005134753276,False,False,8.4,7.6
239202,111.56,osgb5000005134753276,False,False,8.4,7.6
239203,111.93,osgb5000005134753276,True,False,8.4,7.6
239204,109.94,osgb5000005134753276,True,False,8.4,7.6
239205,109.15,osgb5000005134753276,True,False,8.4,7.6
239206,109.13,osgb5000005134753276,True,False,8.4,7.6
239207,109.08,osgb5000005134753276,True,False,8.4,7.6
239208,108.93,osgb5000005134753276,True,False,8.4,7.6
239209,108.6,osgb5000005134753276,True,False,8.4,7.6
239210,108.1,osgb5000005134753276,True,False,8.4,7.6
239211,107.76,osgb5000005134753276,True,False,8.4,7.6
239212,107.41,osgb5000005134753276,True,False,8.4,7.6
239213,107.24,osgb5000005134753276,True,False,8.4,7.6
239214,107.21,osgb5000005134753276,True,False,8.4,7.6
239215,106.95,osgb5000005134753276,True,False,8.4,7.6
239216,106.91,osgb5000005134753276,True,False,8.4,7.6
239217,106.88,osgb5000005134753276,True,False,8.4,7.6
239218,106.94,osgb5000005134753276,True,False,8.4,7.6
239219,106.89,osgb5000005134753276,True,False,8.4,7.6
239220,106.91,osgb5000005134753276,True,False,8.4,7.6
239221,106.95,osgb5000005134753276,True,False,8.4,7.6
239222,106.97,osgb5000005134753276,True,False,8.4,7.6
239223,106.94,osgb5000005134753276,True,False,8.4,7.6
239224,106.93,osgb5000005134753276,True,False,8.4,7.6
239225,106.91,osgb5000005134753276,True,False,8.4,7.6
239226,106.9,osgb5000005134753276,False,False,8.4,7.6
239227,106.91,osgb5000005134753276,False,False,8.4,7.6
239228,106.94,osgb5000005134753276,False,False,8.4,7.6
239229,106.96,osgb5000005134753276,False,False,8.4,7.6
239230,106.96,osgb5000005134753276,False,False,8.4,7.6
239231,106.94,osgb5000005134753276,False,False,8.4,7.6
239889,111.0,osgb5000005134753276,False,False,8.4,7.6
239890,110.96,osgb5000005134753276,False,False,8.4,7.6
239891,110.95,osgb5000005134753276,False,False,8.4,7.6
239892,110.95,osgb5000005134753276,False,False,8.4,7.6
239893,111.1,osgb5000005134753276,False,False,8.4,7.6
239894,111.81,osgb5000005134753276,False,False,8.4,7.6
239895,111.08,osgb5000005134753276,True,False,8.4,7.6
239896,109.34,osgb5000005134753276,True,False,8.4,7.6
239897,109.15,osgb5000005134753276,True,False,8.4,7.6
239898,109.16,osgb5000005134753276,True,False,8.4,7.6
239899,109.15,osgb5000005134753276,True,False,8.4,7.6
239900,109.02,osgb5000005134753276,True,False,8.4,7.6
239901,108.53,osgb5000005134753276,True,False,8.4,7.6
239902,107.99,osgb5000005134753276,True,False,8.4,7.6
239903,107.49,osgb5000005134753276,True,False,8.4,7.6
239904,107.17,osgb5000005134753276,True,False,8.4,7.6
239905,106.97,osgb5000005134753276,True,False,8.4,7.6
239906,107.37,osgb5000005134753276,True,False,8.4,7.6
239907,108.05,osgb5000005134753276,True,False,8.4,7.6
239908,107.14,osgb5000005134753276,True,False,8.4,7.6
239909,106.92,osgb5000005134753276,True,False,8.4,7.6
239910,106.91,osgb5000005134753276,True,False,8.4,7.6
239911,106.91,osgb5000005134753276,True,False,8.4,7.6
239912,106.93,osgb5000005134753276,True,False,8.4,7.6
239913,106.92,osgb5000005134753276,True,False,8.4,7.6
239914,106.95,osgb5000005134753276,True,False,8.4,7.6
239915,106.97,osgb5000005134753276,True,False,8.4,7.6
239916,106.93,osgb5000005134753276,True,False,8.4,7.6
239917,106.94,osgb5000005134753276,False,False,8.4,7.6
239918,106.94,osgb5000005134753276,False,False,8.4,7.6
239919,106.98,osgb5000005134753276,False,False,8.4,7.6
239920,106.96,osgb5000005134753276,False,False,8.4,7.6
239921,106.96,osgb5000005134753276,False,False,8.4,7.6
239922,106.97,osgb5000005134753276,False,False,8.4,7.6
239923,106.98,osgb5000005134753276,False,False,8.4,7.6
240568,111.89,osgb5000005134753276,False,False,8.4,7.6
240569,110.94,osgb5000005134753276,False,False,8.4,7.6
240570,110.9,osgb5000005134753276,False,False,8.4,7.6
240571,110.89,osgb5000005134753276,False,False,8.4,7.6
240572,111.02,osgb5000005134753276,False,False,8.4,7.6
240573,111.08,osgb5000005134753276,False,False,8.4,7.6
240575,110.81,osgb5000005134753276,True,False,8.4,7.6
240576,110.06,osgb5000005134753276,True,False,8.4,7.6
240577,109.14,osgb5000005134753276,True,False,8.4,7.6
240578,109.1,osgb5000005134753276,True,False,8.4,7.6
240579,109.0,osgb5000005134753276,True,False,8.4,7.6
240580,108.84,osgb5000005134753276,True,False,8.4,7.6
240581,108.49,osgb5000005134753276,True,False,8.4,7.6
240582,108.0,osgb5000005134753276,True,False,8.4,7.6
240583,107.66,osgb5000005134753276,True,False,8.4,7.6
240584,107.22,osgb5000005134753276,True,False,8.4,7.6
240585,106.94,osgb5000005134753276,True,False,8.4,7.6
240586,106.92,osgb5000005134753276,True,False,8.4,7.6
240587,106.94,osgb5000005134753276,True,False,8.4,7.6
240588,106.96,osgb5000005134753276,True,False,8.4,7.6
240589,107.01,osgb5000005134753276,True,False,8.4,7.6
240590,106.96,osgb5000005134753276,True,False,8.4,7.6
240591,106.99,osgb5000005134753276,True,False,8.4,7.6
240592,106.96,osgb5000005134753276,True,False,8.4,7.6
240593,106.91,osgb5000005134753276,True,False,8.4,7.6
240594,106.92,osgb5000005134753276,True,False,8.4,7.6
240595,106.94,osgb5000005134753276,True,False,8.4,7.6
240596,106.95,osgb5000005134753276,True,False,8.4,7.6
240597,106.95,osgb5000005134753276,False,False,8.4,7.6
240598,106.98,osgb5000005134753276,False,False,8.4,7.6
240599,106.99,osgb5000005134753276,False,False,8.4,7.6
240600,106.97,osgb5000005134753276,False,False,8.4,7.6
240601,107.19,osgb5000005134753276,False,False,8.4,7.6
240602,108.09,osgb5000005134753276,False,False,8.4,7.6
240603,108.63,osgb5000005134753276,False,False,8.4,7.6
241255,112.78,osgb5000005134753276,False,False,8.4,7.6
241256,110.91,osgb5000005134753276,False,False,8.4,7.6
241257,110.86,osgb5000005134753276,False,False,8.4,7.6
241261,112.03,osgb5000005134753276,True,False,8.4,7.6
241262,111.04,osgb5000005134753276,True,False,8.4,7.6
241263,109.28,osgb5000005134753276,True,False,8.4,7.6
241264,109.16,osgb5000005134753276,True,False,8.4,7.6
241265,109.11,osgb5000005134753276,True,False,8.4,7.6
241266,108.97,osgb5000005134753276,True,False,8.4,7.6
241267,109.31,osgb5000005134753276,True,False,8.4,7.6
241268,109.05,osgb5000005134753276,True,False,8.4,7.6
241269,107.86,osgb5000005134753276,True,False,8.4,7.6
241270,107.4,osgb5000005134753276,True,False,8.4,7.6
241271,107.1,osgb5000005134753276,True,False,8.4,7.6
241272,107.05,osgb5000005134753276,True,False,8.4,7.6
241273,107.1,osgb5000005134753276,True,False,8.4,7.6
241274,107.27,osgb5000005134753276,True,False,8.4,7.6
241275,107.18,osgb5000005134753276,True,False,8.4,7.6
241276,106.95,osgb5000005134753276,True,False,8.4,7.6
241277,106.96,osgb5000005134753276,True,False,8.4,7.6
241278,106.97,osgb5000005134753276,True,False,8.4,7.6
241279,106.97,osgb5000005134753276,True,False,8.4,7.6
241280,106.95,osgb5000005134753276,True,False,8.4,7.6
241281,107.0,osgb5000005134753276,True,False,8.4,7.6
241282,107.01,osgb5000005134753276,True,False,8.4,7.6
241283,107.0,osgb5000005134753276,True,False,8.4,7.6
241284,107.02,osgb5000005134753276,False,False,8.4,7.6
241285,107.18,osgb5000005134753276,False,False,8.4,7.6
241286,107.64,osgb5000005134753276,False,False,8.4,7.6
241287,108.6,osgb5000005134753276,False,False,8.4,7.6
241288,108.65,osgb5000005134753276,False,False,8.4,7.6
241289,108.74,osgb5000005134753276,False,False,8.4,7.6
241939,113.02,osgb5000005134753276,False,False,8.4,7.6
241943,111.24,osgb5000005134753276,True,False,8.4,7.6
241944,109.5,osgb5000005134753276,True,False,8.4,7.6
241945,109.18,osgb5000005134753276,True,False,8.4,7.6
241946,109.11,osgb5000005134753276,True,False,8.4,7.6
241947,109.08,osgb5000005134753276,True,False,8.4,7.6
241948,109.04,osgb5000005134753276,True,False,8.4,7.6
241949,109.16,osgb5000005134753276,True,False,8.4,7.6
241950,110.03,osgb5000005134753276,True,False,8.4,7.6
241951,107.63,osgb5000005134753276,True,False,8.4,7.6
241952,107.21,osgb5000005134753276,True,False,8.4,7.6
241953,107.22,osgb5000005134753276,True,False,8.4,7.6
241954,107.45,osgb5000005134753276,True,False,8.4,7.6
241955,107.52,osgb5000005134753276,True,False,8.4,7.6
241956,107.52,osgb5000005134753276,True,False,8.4,7.6
241957,107.09,osgb5000005134753276,True,False,8.4,7.6
241958,106.96,osgb5000005134753276,True,False,8.4,7.6
241959,106.94,osgb5000005134753276,True,False,8.4,7.6
241960,106.97,osgb5000005134753276,True,False,8.4,7.6
241961,106.99,osgb5000005134753276,True,False,8.4,7.6
241962,107.02,osgb5000005134753276,True,False,8.4,7.6
241963,107.35,osgb5000005134753276,True,False,8.4,7.6
241964,107.7,osgb5000005134753276,True,False,8.4,7.6
241965,108.57,osgb5000005134753276,True,False,8.4,7.6
241966,108.77,osgb5000005134753276,False,False,8.4,7.6
241967,108.72,osgb5000005134753276,False,False,8.4,7.6
241968,108.77,osgb5000005134753276,False,False,8.4,7.6
241969,108.87,osgb5000005134753276,False,False,8.4,7.6
241970,108.93,osgb5000005134753276,False,False,8.4,7.6
241971,109.07,osgb5000005134753276,False,False,8.4,7.6
242628,111.18,osgb5000005134753276,True,False,8.4,7.6
242629,110.17,osgb5000005134753276,True,False,8.4,7.6
242630,109.2,osgb5000005134753276,True,False,8.4,7.6
242631,109.06,osgb5000005134753276,True,False,8.4,7.6
242632,109.04,osgb5000005134753276,True,False,8.4,7.6
242633,108.87,osgb5000005134753276,True,False,8.4,7.6
242634,108.54,osgb5000005134753276,True,False,8.4,7.6
242635,108.19,osgb5000005134753276,True,False,8.4,7.6
242636,107.92,osgb5000005134753276,True,False,8.4,7.6
242637,107.81,osgb5000005134753276,True,False,8.4,7.6
242638,107.8,osgb5000005134753276,True,False,8.4,7.6
242639,107.69,osgb5000005134753276,True,False,8.4,7.6
242640,107.67,osgb5000005134753276,True,False,8.4,7.6
242641,107.25,osgb5000005134753276,True,False,8.4,7.6
242642,106.99,osgb5000005134753276,True,False,8.4,7.6
242643,107.0,osgb5000005134753276,True,False,8.4,7.6
242644,107.01,osgb5000005134753276,True,False,8.4,7.6
242645,107.16,osgb5000005134753276,True,False,8.4,7.6
242646,107.73,osgb5000005134753276,True,False,8.4,7.6
242647,108.63,osgb5000005134753276,True,False,8.4,7.6
242648,108.62,osgb5000005134753276,True,False,8.4,7.6
242649,108.66,osgb5000005134753276,True,False,8.4,7.6
242650,108.78,osgb5000005134753276,True,False,8.4,7.6
242651,108.89,osgb5000005134753276,False,False,8.4,7.6
242652,109.08,osgb5000005134753276,False,False,8.4,7.6
242653,109.25,osgb5000005134753276,False,False,8.4,7.6
242654,109.31,osgb5000005134753276,False,False,8.4,7.6
242655,109.55,osgb5000005134753276,False,False,8.4,7.6
242656,109.63,osgb5000005134753276,False,False,8.4,7.6
243309,110.22,osgb5000005134753276,True,False,8.4,7.6
243310,109.34,osgb5000005134753276,True,False,8.4,7.6
243311,109.11,osgb5000005134753276,True,False,8.4,7.6
243312,109.12,osgb5000005134753276,True,False,8.4,7.6
243313,109.05,osgb5000005134753276,True,False,8.4,7.6
243314,108.83,osgb5000005134753276,True,False,8.4,7.6
243315,108.47,osgb5000005134753276,True,False,8.4,7.6
243316,108.26,osgb5000005134753276,True,False,8.4,7.6
243317,108.18,osgb5000005134753276,True,False,8.4,7.6
243318,108.17,osgb5000005134753276,True,False,8.4,7.6
243319,108.13,osgb5000005134753276,True,False,8.4,7.6
243320,108.11,osgb5000005134753276,True,False,8.4,7.6
243321,107.81,osgb5000005134753276,True,False,8.4,7.6
243322,107.41,osgb5000005134753276,True,False,8.4,7.6
243323,107.26,osgb5000005134753276,True,False,8.4,7.6
243324,108.43,osgb5000005134753276,True,False,8.4,7.6
243325,108.62,osgb5000005134753276,True,False,8.4,7.6
243326,108.72,osgb5000005134753276,True,False,8.4,7.6
243327,108.81,osgb5000005134753276,True,False,8.4,7.6
243328,108.91,osgb5000005134753276,True,False,8.4,7.6
243329,109.03,osgb5000005134753276,True,False,8.4,7.6
243330,109.14,osgb5000005134753276,True,False,8.4,7.6
243331,109.3,osgb5000005134753276,False,False,8.4,7.6
243332,109.45,osgb5000005134753276,False,False,8.4,7.6
243333,109.52,osgb5000005134753276,False,False,8.4,7.6
243334,109.63,osgb5000005134753276,False,False,8.4,7.6
243335,109.8,osgb5000005134753276,False,False,8.4,7.6
243336,109.93,osgb5000005134753276,False,False,8.4,7.6
243337,110.13,osgb5000005134753276,False,False,8.4,7.6
243990,109.56,osgb5000005134753276,True,False,8.4,7.6
243991,109.19,osgb5000005134753276,True,False,8.4,7.6
243992,109.09,osgb5000005134753276,True,False,8.4,7.6
243993,109.04,osgb5000005134753276,True,False,8.4,7.6
243994,109.03,osgb5000005134753276,True,False,8.4,7.6
243995,110.86,osgb5000005134753276,True,False,8.4,7.6
243996,108.63,osgb5000005134753276,True,False,8.4,7.6
243997,108.54,osgb5000005134753276,True,False,8.4,7.6
243998,108.47,osgb5000005134753276,True,False,8.4,7.6
243999,108.29,osgb5000005134753276,True,False,8.4,7.6
244000,108.31,osgb5000005134753276,True,False,8.4,7.6
244001,108.38,osgb5000005134753276,True,False,8.4,7.6
244002,108.54,osgb5000005134753276,True,False,8.4,7.6
244003,108.6,osgb5000005134753276,True,False,8.4,7.6
244004,108.74,osgb5000005134753276,True,False,8.4,7.6
244005,108.8,osgb5000005134753276,True,False,8.4,7.6
244006,108.98,osgb5000005134753276,True,False,8.4,7.6
244007,109.08,osgb5000005134753276,True,False,8.4,7.6
244008,109.18,osgb5000005134753276,True,False,8.4,7.6
244009,109.31,osgb5000005134753276,True,False,8.4,7.6
244010,109.44,osgb5000005134753276,True,False,8.4,7.6
244011,109.63,osgb5000005134753276,True,False,8.4,7.6
244012,109.83,osgb5000005134753276,False,False,8.4,7.6
244013,109.97,osgb5000005134753276,False,False,8.4,7.6
244014,110.1,osgb5000005134753276,False,False,8.4,7.6
244015,110.21,osgb5000005134753276,False,False,8.4,7.6
244016,110.37,osgb5000005134753276,False,False,8.4,7.6
244017,110.46,osgb5000005134753276,False,False,8.4,7.6
244018,110.6,osgb5000005134753276,False,False,8.4,7.6
244654,111.33,osgb5000005134753276,True,False,8.4,7.6
244655,109.69,osgb5000005134753276,True,False,8.4,7.6
244656,109.24,osgb5000005134753276,True,False,8.4,7.6
244657,109.1,osgb5000005134753276,True,False,8.4,7.6
244658,109.0,osgb5000005134753276,True,False,8.4,7.6
244659,108.95,osgb5000005134753276,True,False,8.4,7.6
244660,108.83,osgb5000005134753276,True,False,8.4,7.6
244661,108.76,osgb5000005134753276,True,False,8.4,7.6
244662,108.7,osgb5000005134753276,True,False,8.4,7.6
244663,108.67,osgb5000005134753276,True,False,8.4,7.6
244664,108.68,osgb5000005134753276,True,False,8.4,7.6
244665,108.72,osgb5000005134753276,True,False,8.4,7.6
244666,108.74,osgb5000005134753276,True,False,8.4,7.6
244667,108.75,osgb5000005134753276,True,False,8.4,7.6
244668,108.95,osgb5000005134753276,True,False,8.4,7.6
244669,109.08,osgb5000005134753276,True,False,8.4,7.6
244670,109.25,osgb5000005134753276,True,False,8.4,7.6
244671,109.38,osgb5000005134753276,True,False,8.4,7.6
244672,109.59,osgb5000005134753276,True,False,8.4,7.6
244673,109.73,osgb5000005134753276,True,False,8.4,7.6
244674,109.84,osgb5000005134753276,True,False,8.4,7.6
244675,110.0,osgb5000005134753276,True,False,8.4,7.6
244676,110.09,osgb5000005134753276,True,False,8.4,7.6
244677,110.2,osgb5000005134753276,False,False,8.4,7.6
244678,110.33,osgb5000005134753276,False,False,8.4,7.6
244679,110.49,osgb5000005134753276,False,False,8.4,7.6
244680,110.65,osgb5000005134753276,False,False,8.4,7.6
244681,110.82,osgb5000005134753276,False,False,8.4,7.6
244682,110.94,osgb5000005134753276,False,False,8.4,7.6
245305,110.15,osgb5000005134753276,True,False,8.4,7.6
245306,109.23,osgb5000005134753276,True,False,8.4,7.6
245307,109.12,osgb5000005134753276,True,False,8.4,7.6
245308,109.07,osgb5000005134753276,True,False,8.4,7.6
245309,109.02,osgb5000005134753276,True,False,8.4,7.6
245310,108.99,osgb5000005134753276,True,False,8.4,7.6
245311,108.9,osgb5000005134753276,True,False,8.4,7.6
245312,108.78,osgb5000005134753276,True,False,8.4,7.6
245313,108.76,osgb5000005134753276,True,False,8.4,7.6
245314,108.81,osgb5000005134753276,True,False,8.4,7.6
245315,109.01,osgb5000005134753276,True,False,8.4,7.6
245316,109.04,osgb5000005134753276,True,False,8.4,7.6
245317,109.18,osgb5000005134753276,True,False,8.4,7.6
245318,109.34,osgb5000005134753276,True,False,8.4,7.6
245319,109.45,osgb5000005134753276,True,False,8.4,7.6
245320,109.74,osgb5000005134753276,True,False,8.4,7.6
245321,109.74,osgb5000005134753276,True,False,8.4,7.6
245322,109.91,osgb5000005134753276,True,False,8.4,7.6
245323,110.03,osgb5000005134753276,True,False,8.4,7.6
245324,110.14,osgb5000005134753276,True,False,8.4,7.6
245325,110.32,osgb5000005134753276,True,False,8.4,7.6
245326,110.5,osgb5000005134753276,True,False,8.4,7.6
245327,110.68,osgb5000005134753276,True,False,8.4,7.6
245328,110.85,osgb5000005134753276,False,False,8.4,7.6
245329,110.88,osgb5000005134753276,False,False,8.4,7.6
245330,110.94,osgb5000005134753276,False,False,8.4,7.6
245331,111.05,osgb5000005134753276,False,False,8.4,7.6
245332,111.13,osgb5000005134753276,False,False,8.4,7.6
245333,111.24,osgb5000005134753276,False,False,8.4,7.6
245949,110.1,osgb5000005134753276,True,False,8.4,7.6
245950,109.26,osgb5000005134753276,True,False,8.4,7.6
245951,109.08,osgb5000005134753276,True,False,8.4,7.6
245952,109.01,osgb5000005134753276,True,False,8.4,7.6
245953,109.02,osgb5000005134753276,True,False,8.4,7.6
245954,109.02,osgb5000005134753276,True,False,8.4,7.6
245955,109.01,osgb5000005134753276,True,False,8.4,7.6
245956,108.99,osgb5000005134753276,True,False,8.4,7.6
245957,109.0,osgb5000005134753276,True,False,8.4,7.6
245958,109.2,osgb5000005134753276,True,False,8.4,7.6
245959,109.36,osgb5000005134753276,True,False,8.4,7.6
245960,109.35,osgb5000005134753276,True,False,8.4,7.6
245961,109.52,osgb5000005134753276,True,False,8.4,7.6
245962,109.71,osgb5000005134753276,True,False,8.4,7.6
245963,110.03,osgb5000005134753276,True,False,8.4,7.6
245964,110.27,osgb5000005134753276,True,False,8.4,7.6
245965,110.3,osgb5000005134753276,True,False,8.4,7.6
245966,110.39,osgb5000005134753276,True,False,8.4,7.6
245967,110.52,osgb5000005134753276,True,False,8.4,7.6
245968,110.76,osgb5000005134753276,True,False,8.4,7.6
245969,110.73,osgb5000005134753276,True,False,8.4,7.6
245970,110.89,osgb5000005134753276,True,False,8.4,7.6
245971,111.1,osgb5000005134753276,True,False,8.4,7.6
245972,111.13,osgb5000005134753276,False,False,8.4,7.6
245973,111.34,osgb5000005134753276,False,False,8.4,7.6
245974,111.3,osgb5000005134753276,False,False,8.4,7.6
245975,111.34,osgb5000005134753276,False,False,8.4,7.6
245976,111.33,osgb5000005134753276,False,False,8.4,7.6
245977,111.32,osgb5000005134753276,False,False,8.4,7.6
246610,109.76,osgb5000005134753276,True,False,8.4,7.6
246611,111.02,osgb5000005134753276,True,False,8.4,7.6
246612,109.12,osgb5000005134753276,True,False,8.4,7.6
246613,109.12,osgb5000005134753276,True,False,8.4,7.6
246614,109.13,osgb5000005134753276,True,False,8.4,7.6
246615,109.03,osgb5000005134753276,True,False,8.4,7.6
246616,109.15,osgb5000005134753276,True,False,8.4,7.6
246617,109.25,osgb5000005134753276,True,False,8.4,7.6
246618,109.47,osgb5000005134753276,True,False,8.4,7.6
246619,109.63,osgb5000005134753276,True,False,8.4,7.6
246620,109.81,osgb5000005134753276,True,False,8.4,7.6
246621,109.91,osgb5000005134753276,True,False,8.4,7.6
246622,110.17,osgb5000005134753276,True,False,8.4,7.6
246623,110.21,osgb5000005134753276,True,False,8.4,7.6
246624,110.35,osgb5000005134753276,True,False,8.4,7.6
246625,110.5,osgb5000005134753276,True,False,8.4,7.6
246626,110.68,osgb5000005134753276,True,False,8.4,7.6
246627,110.81,osgb5000005134753276,True,False,8.4,7.6
246628,110.99,osgb5000005134753276,True,False,8.4,7.6
246629,111.22,osgb5000005134753276,True,False,8.4,7.6
246630,111.23,osgb5000005134753276,True,False,8.4,7.6
246631,111.29,osgb5000005134753276,True,False,8.4,7.6
246632,111.32,osgb5000005134753276,False,False,8.4,7.6
246633,111.33,osgb5000005134753276,False,False,8.4,7.6
246634,111.3,osgb5000005134753276,False,False,8.4,7.6
246635,111.33,osgb5000005134753276,False,False,8.4,7.6
246636,112.43,osgb5000005134753276,False,False,8.4,7.6
246637,111.85,osgb5000005134753276,False,False,8.4,7.6
246638,111.38,osgb5000005134753276,False,False,8.4,7.6
247261,111.1,osgb5000005134753276,True,False,8.4,7.6
247262,115.28,osgb5000005134753276,True,False,8.4,7.6
247263,109.22,osgb5000005134753276,True,False,8.4,7.6
247264,109.18,osgb5000005134753276,True,False,8.4,7.6
247265,109.2,osgb5000005134753276,True,False,8.4,7.6
247266,109.27,osgb5000005134753276,True,False,8.4,7.6
247267,109.36,osgb5000005134753276,True,False,8.4,7.6
247268,109.57,osgb5000005134753276,True,False,8.4,7.6
247269,109.77,osgb5000005134753276,True,False,8.4,7.6
247270,110.05,osgb5000005134753276,True,False,8.4,7.6
247271,110.06,osgb5000005134753276,True,False,8.4,7.6
247272,110.12,osgb5000005134753276,True,False,8.4,7.6
247273,110.32,osgb5000005134753276,True,False,8.4,7.6
247274,110.52,osgb5000005134753276,True,False,8.4,7.6
247275,110.69,osgb5000005134753276,True,False,8.4,7.6
247276,110.85,osgb5000005134753276,True,False,8.4,7.6
247277,111.03,osgb5000005134753276,True,False,8.4,7.6
247278,111.11,osgb5000005134753276,True,False,8.4,7.6
247279,111.18,osgb5000005134753276,True,False,8.4,7.6
247280,111.34,osgb5000005134753276,True,False,8.4,7.6
247281,111.35,osgb5000005134753276,True,False,8.4,7.6
247282,111.39,osgb5000005134753276,True,False,8.4,7.6
247283,111.37,osgb5000005134753276,True,False,8.4,7.6
247284,111.37,osgb5000005134753276,False,False,8.4,7.6
247285,111.4,osgb5000005134753276,False,False,8.4,7.6
247286,111.47,osgb5000005134753276,False,False,8.4,7.6
247287,115.54,osgb5000005134753276,False,False,8.4,7.6
247288,112.43,osgb5000005134753276,False,False,8.4,7.6
247289,113.08,osgb5000005134753276,False,False,8.4,7.6
247290,111.86,osgb5000005134753276,False,False,8.4,7.6
247923,110.97,osgb5000005134753276,True,False,8.4,7.6
247924,109.32,osgb5000005134753276,True,False,8.4,7.6
247925,109.25,osgb5000005134753276,True,False,8.4,7.6
247926,109.26,osgb5000005134753276,True,False,8.4,7.6
247927,109.4,osgb5000005134753276,True,False,8.4,7.6
247928,109.56,osgb5000005134753276,True,False,8.4,7.6
247929,109.75,osgb5000005134753276,True,False,8.4,7.6
247930,109.95,osgb5000005134753276,True,False,8.4,7.6
247931,110.1,osgb5000005134753276,True,False,8.4,7.6
247932,110.34,osgb5000005134753276,True,False,8.4,7.6
247933,110.53,osgb5000005134753276,True,False,8.4,7.6
247934,110.65,osgb5000005134753276,True,False,8.4,7.6
247935,110.75,osgb5000005134753276,True,False,8.4,7.6
247936,110.92,osgb5000005134753276,True,False,8.4,7.6
247937,111.1,osgb5000005134753276,True,False,8.4,7.6
247938,111.21,osgb5000005134753276,True,False,8.4,7.6
247939,111.33,osgb5000005134753276,True,False,8.4,7.6
247940,111.41,osgb5000005134753276,True,False,8.4,7.6
247941,111.43,osgb5000005134753276,True,False,8.4,7.6
247942,111.45,osgb5000005134753276,True,False,8.4,7.6
247943,111.48,osgb5000005134753276,True,False,8.4,7.6
247944,111.42,osgb5000005134753276,True,False,8.4,7.6
247945,111.43,osgb5000005134753276,True,False,8.4,7.6
247946,111.42,osgb5000005134753276,False,False,8.4,7.6
247947,111.53,osgb5000005134753276,False,False,8.4,7.6
247948,112.09,osgb5000005134753276,False,False,8.4,7.6
247949,113.78,osgb5000005134753276,False,False,8.4,7.6
247950,113.0,osgb5000005134753276,False,False,8.4,7.6
247951,112.11,osgb5000005134753276,False,False,8.4,7.6
248601,115.31,osgb5000005134753276,True,False,8.4,7.6
248602,109.58,osgb5000005134753276,True,False,8.4,7.6
248603,109.6,osgb5000005134753276,True,False,8.4,7.6
248604,109.69,osgb5000005134753276,True,False,8.4,7.6
248605,109.73,osgb5000005134753276,True,False,8.4,7.6
248606,109.97,osgb5000005134753276,True,False,8.4,7.6
248607,110.12,osgb5000005134753276,True,False,8.4,7.6
248608,110.29,osgb5000005134753276,True,False,8.4,7.6
248609,110.51,osgb5000005134753276,True,False,8.4,7.6
248610,110.66,osgb5000005134753276,True,False,8.4,7.6
248611,110.8,osgb5000005134753276,True,False,8.4,7.6
248612,111.13,osgb5000005134753276,True,False,8.4,7.6
248613,111.24,osgb5000005134753276,True,False,8.4,7.6
248614,111.33,osgb5000005134753276,True,False,8.4,7.6
248615,111.39,osgb5000005134753276,True,False,8.4,7.6
248616,111.48,osgb5000005134753276,True,False,8.4,7.6
248617,111.51,osgb5000005134753276,True,False,8.4,7.6
248618,111.49,osgb5000005134753276,True,False,8.4,7.6
248619,111.5,osgb5000005134753276,True,False,8.4,7.6
248620,111.49,osgb5000005134753276,True,False,8.4,7.6
248621,111.46,osgb5000005134753276,True,False,8.4,7.6
248622,111.45,osgb5000005134753276,True,False,8.4,7.6
248623,111.64,osgb5000005134753276,True,False,8.4,7.6
248624,111.79,osgb5000005134753276,False,False,8.4,7.6
248625,112.1,osgb5000005134753276,False,False,8.4,7.6
248626,112.34,osgb5000005134753276,False,False,8.4,7.6
248627,112.49,osgb5000005134753276,False,False,8.4,7.6
248628,112.79,osgb5000005134753276,False,False,8.4,7.6
248629,111.99,osgb5000005134753276,False,False,8.4,7.6
249262,110.04,osgb5000005134753276,True,False,8.4,7.6
249263,109.84,osgb5000005134753276,True,False,8.4,7.6
249264,109.93,osgb5000005134753276,True,False,8.4,7.6
249265,110.05,osgb5000005134753276,True,False,8.4,7.6
249266,110.18,osgb5000005134753276,True,False,8.4,7.6
249267,110.31,osgb5000005134753276,True,False,8.4,7.6
249268,110.47,osgb5000005134753276,True,False,8.4,7.6
249269,110.71,osgb5000005134753276,True,False,8.4,7.6
249270,110.91,osgb5000005134753276,True,False,8.4,7.6
249271,111.25,osgb5000005134753276,True,False,8.4,7.6
249272,111.31,osgb5000005134753276,True,False,8.4,7.6
249273,111.31,osgb5000005134753276,True,False,8.4,7.6
249274,111.44,osgb5000005134753276,True,False,8.4,7.6
249275,111.51,osgb5000005134753276,True,False,8.4,7.6
249276,111.52,osgb5000005134753276,True,False,8.4,7.6
249277,111.55,osgb5000005134753276,True,False,8.4,7.6
249278,111.57,osgb5000005134753276,True,False,8.4,7.6
249279,111.53,osgb5000005134753276,True,False,8.4,7.6
249280,111.51,osgb5000005134753276,True,False,8.4,7.6
249281,111.63,osgb5000005134753276,True,False,8.4,7.6
249282,111.52,osgb5000005134753276,True,False,8.4,7.6
249283,111.64,osgb5000005134753276,True,False,8.4,7.6
249284,111.72,osgb5000005134753276,True,False,8.4,7.6
249285,111.81,osgb5000005134753276,False,False,8.4,7.6
249286,112.1,osgb5000005134753276,False,False,8.4,7.6
249287,112.85,osgb5000005134753276,False,False,8.4,7.6
249288,112.69,osgb5000005134753276,False,False,8.4,7.6
249289,112.03,osgb5000005134753276,False,False,8.4,7.6
249290,111.72,osgb5000005134753276,False,False,8.4,7.6
249913,110.43,osgb5000005134753276,True,False,8.4,7.6
249914,110.15,osgb5000005134753276,True,False,8.4,7.6
249915,110.22,osgb5000005134753276,True,False,8.4,7.6
249916,110.36,osgb5000005134753276,True,False,8.4,7.6
249917,110.46,osgb5000005134753276,True,False,8.4,7.6
249918,110.57,osgb5000005134753276,True,False,8.4,7.6
249919,110.73,osgb5000005134753276,True,False,8.4,7.6
249920,110.91,osgb5000005134753276,True,False,8.4,7.6
249921,111.07,osgb5000005134753276,True,False,8.4,7.6
249922,111.21,osgb5000005134753276,True,False,8.4,7.6
249923,111.35,osgb5000005134753276,True,False,8.4,7.6
249924,111.45,osgb5000005134753276,True,False,8.4,7.6
249925,111.54,osgb5000005134753276,True,False,8.4,7.6
249926,111.59,osgb5000005134753276,True,False,8.4,7.6
249927,111.6,osgb5000005134753276,True,False,8.4,7.6
249928,111.65,osgb5000005134753276,True,False,8.4,7.6
249929,111.64,osgb5000005134753276,True,False,8.4,7.6
249930,111.62,osgb5000005134753276,True,False,8.4,7.6
249931,111.63,osgb5000005134753276,True,False,8.4,7.6
249932,111.69,osgb5000005134753276,True,False,8.4,7.6
249933,111.68,osgb5000005134753276,True,False,8.4,7.6
249934,111.57,osgb5000005134753276,True,False,8.4,7.6
249935,111.68,osgb5000005134753276,True,False,8.4,7.6
249936,112.47,osgb5000005134753276,False,False,8.4,7.6
249937,112.13,osgb5000005134753276,False,False,8.4,7.6
249938,112.44,osgb5000005134753276,False,False,8.4,7.6
249939,112.31,osgb5000005134753276,False,False,8.4,7.6
249940,111.93,osgb5000005134753276,False,False,8.4,7.6
249941,111.65,osgb5000005134753276,False,False,8.4,7.6
249942,111.62,osgb5000005134753276,False,False,8.4,7.6
250572,110.58,osgb5000005134753276,True,False,8.4,7.6
250573,110.52,osgb5000005134753276,True,False,8.4,7.6
250574,110.55,osgb5000005134753276,True,False,8.4,7.6
250575,110.64,osgb5000005134753276,True,False,8.4,7.6
250576,110.76,osgb5000005134753276,True,False,8.4,7.6
250577,110.9,osgb5000005134753276,True,False,8.4,7.6
250578,111.11,osgb5000005134753276,True,False,8.4,7.6
250579,111.32,osgb5000005134753276,True,False,8.4,7.6
250580,111.43,osgb5000005134753276,True,False,8.4,7.6
250581,111.53,osgb5000005134753276,True,False,8.4,7.6
250582,111.58,osgb5000005134753276,True,False,8.4,7.6
250583,111.63,osgb5000005134753276,True,False,8.4,7.6
250584,111.66,osgb5000005134753276,True,False,8.4,7.6
250585,111.61,osgb5000005134753276,True,False,8.4,7.6
250586,111.71,osgb5000005134753276,True,False,8.4,7.6
250587,111.76,osgb5000005134753276,True,False,8.4,7.6
250588,111.79,osgb5000005134753276,True,False,8.4,7.6
250589,111.79,osgb5000005134753276,True,False,8.4,7.6
250590,111.83,osgb5000005134753276,True,False,8.4,7.6
250591,111.76,osgb5000005134753276,True,False,8.4,7.6
250592,111.81,osgb5000005134753276,True,False,8.4,7.6
250593,111.83,osgb5000005134753276,True,False,8.4,7.6
250594,112.77,osgb5000005134753276,True,False,8.4,7.6
250595,112.13,osgb5000005134753276,False,False,8.4,7.6
250596,112.15,osgb5000005134753276,False,False,8.4,7.6
250597,112.23,osgb5000005134753276,False,False,8.4,7.6
250598,112.08,osgb5000005134753276,False,False,8.4,7.6
250599,111.83,osgb5000005134753276,False,False,8.4,7.6
250600,111.69,osgb5000005134753276,False,False,8.4,7.6
250601,111.66,osgb5000005134753276,False,False,8.4,7.6
251228,110.84,osgb5000005134753276,True,False,8.4,7.6
251229,110.87,osgb5000005134753276,True,False,8.4,7.6
251230,110.92,osgb5000005134753276,True,False,8.4,7.6
251231,111.0,osgb5000005134753276,True,False,8.4,7.6
251232,111.09,osgb5000005134753276,True,False,8.4,7.6
251233,111.24,osgb5000005134753276,True,False,8.4,7.6
251234,111.39,osgb5000005134753276,True,False,8.4,7.6
251235,111.54,osgb5000005134753276,True,False,8.4,7.6
251236,111.61,osgb5000005134753276,True,False,8.4,7.6
251237,111.67,osgb5000005134753276,True,False,8.4,7.6
251238,111.78,osgb5000005134753276,True,False,8.4,7.6
251239,111.84,osgb5000005134753276,True,False,8.4,7.6
251240,111.92,osgb5000005134753276,True,False,8.4,7.6
251241,111.91,osgb5000005134753276,True,False,8.4,7.6
251242,111.89,osgb5000005134753276,True,False,8.4,7.6
251243,111.85,osgb5000005134753276,True,False,8.4,7.6
251244,111.81,osgb5000005134753276,True,False,8.4,7.6
251245,111.77,osgb5000005134753276,True,False,8.4,7.6
251246,111.81,osgb5000005134753276,True,False,8.4,7.6
251247,112.39,osgb5000005134753276,True,False,8.4,7.6
251248,112.02,osgb5000005134753276,True,False,8.4,7.6
251249,112.33,osgb5000005134753276,True,False,8.4,7.6
251250,112.11,osgb5000005134753276,True,False,8.4,7.6
251251,112.16,osgb5000005134753276,False,False,8.4,7.6
251252,112.13,osgb5000005134753276,False,False,8.4,7.6
251253,112.01,osgb5000005134753276,False,False,8.4,7.6
251254,111.88,osgb5000005134753276,False,False,8.4,7.6
251255,111.74,osgb5000005134753276,False,False,8.4,7.6
251256,111.74,osgb5000005134753276,False,False,8.4,7.6
251870,111.02,osgb5000005134753276,True,False,8.4,7.6
251871,111.01,osgb5000005134753276,True,False,8.4,7.6
251872,111.13,osgb5000005134753276,True,False,8.4,7.6
251873,111.26,osgb5000005134753276,True,False,8.4,7.6
251874,111.38,osgb5000005134753276,True,False,8.4,7.6
251875,111.51,osgb5000005134753276,True,False,8.4,7.6
251876,111.64,osgb5000005134753276,True,False,8.4,7.6
251877,111.69,osgb5000005134753276,True,False,8.4,7.6
251878,112.79,osgb5000005134753276,True,False,8.4,7.6
251879,112.59,osgb5000005134753276,True,False,8.4,7.6
251880,112.04,osgb5000005134753276,True,False,8.4,7.6
251881,112.04,osgb5000005134753276,True,False,8.4,7.6
251882,111.97,osgb5000005134753276,True,False,8.4,7.6
251883,112.13,osgb5000005134753276,True,False,8.4,7.6
251884,111.91,osgb5000005134753276,True,False,8.4,7.6
251885,111.87,osgb5000005134753276,True,False,8.4,7.6
251886,111.86,osgb5000005134753276,True,False,8.4,7.6
251887,111.96,osgb5000005134753276,True,False,8.4,7.6
251888,112.05,osgb5000005134753276,True,False,8.4,7.6
251889,111.87,osgb5000005134753276,True,False,8.4,7.6
251890,111.96,osgb5000005134753276,True,False,8.4,7.6
251891,112.01,osgb5000005134753276,True,False,8.4,7.6
251892,112.14,osgb5000005134753276,True,False,8.4,7.6
251893,112.18,osgb5000005134753276,False,False,8.4,7.6
251894,112.19,osgb5000005134753276,False,False,8.4,7.6
251895,111.98,osgb5000005134753276,False,False,8.4,7.6
251896,111.76,osgb5000005134753276,False,False,8.4,7.6
251897,111.78,osgb5000005134753276,False,False,8.4,7.6
251898,111.78,osgb5000005134753276,False,False,8.4,7.6
252501,111.12,osgb5000005134753276,True,False,8.4,7.6
252502,111.14,osgb5000005134753276,True,False,8.4,7.6
252503,111.3,osgb5000005134753276,True,False,8.4,7.6
252504,111.38,osgb5000005134753276,True,False,8.4,7.6
252505,111.53,osgb5000005134753276,True,False,8.4,7.6
252506,111.74,osgb5000005134753276,True,False,8.4,7.6
252507,111.64,osgb5000005134753276,True,False,8.4,7.6
252508,111.82,osgb5000005134753276,True,False,8.4,7.6
252509,113.2,osgb5000005134753276,True,False,8.4,7.6
252510,111.99,osgb5000005134753276,True,False,8.4,7.6
252511,111.91,osgb5000005134753276,True,False,8.4,7.6
252512,111.95,osgb5000005134753276,True,False,8.4,7.6
252513,112.2,osgb5000005134753276,True,False,8.4,7.6
252514,113.79,osgb5000005134753276,True,False,8.4,7.6
252515,111.9,osgb5000005134753276,True,False,8.4,7.6
252516,111.89,osgb5000005134753276,True,False,8.4,7.6
252517,111.82,osgb5000005134753276,True,False,8.4,7.6
252518,111.75,osgb5000005134753276,True,False,8.4,7.6
252519,111.8,osgb5000005134753276,True,False,8.4,7.6
252520,111.91,osgb5000005134753276,True,False,8.4,7.6
252521,111.96,osgb5000005134753276,True,False,8.4,7.6
252522,111.95,osgb5000005134753276,True,False,8.4,7.6
252523,112.01,osgb5000005134753276,True,False,8.4,7.6
252524,112.12,osgb5000005134753276,True,False,8.4,7.6
252525,112.21,osgb5000005134753276,False,False,8.4,7.6
252526,112.01,osgb5000005134753276,False,False,8.4,7.6
252527,111.77,osgb5000005134753276,False,False,8.4,7.6
252528,111.83,osgb5000005134753276,False,False,8.4,7.6
253106,111.38,osgb5000005134753276,True,False,8.4,7.6
253107,111.47,osgb5000005134753276,True,False,8.4,7.6
253108,111.5,osgb5000005134753276,True,False,8.4,7.6
253109,111.75,osgb5000005134753276,True,False,8.4,7.6
253110,112.66,osgb5000005134753276,True,False,8.4,7.6
253111,111.87,osgb5000005134753276,True,False,8.4,7.6
253112,111.96,osgb5000005134753276,True,False,8.4,7.6
253113,113.42,osgb5000005134753276,True,False,8.4,7.6
253114,111.83,osgb5000005134753276,True,False,8.4,7.6
253115,111.96,osgb5000005134753276,True,False,8.4,7.6
253116,111.91,osgb5000005134753276,True,False,8.4,7.6
253117,112.25,osgb5000005134753276,True,False,8.4,7.6
253118,112.58,osgb5000005134753276,True,False,8.4,7.6
253119,112.73,osgb5000005134753276,True,False,8.4,7.6
253120,111.97,osgb5000005134753276,True,False,8.4,7.6
253121,111.81,osgb5000005134753276,True,False,8.4,7.6
253122,111.79,osgb5000005134753276,True,False,8.4,7.6
253123,111.81,osgb5000005134753276,True,False,8.4,7.6
253124,112.02,osgb5000005134753276,True,False,8.4,7.6
253125,111.9,osgb5000005134753276,True,False,8.4,7.6
253126,111.98,osgb5000005134753276,True,False,8.4,7.6
253127,112.06,osgb5000005134753276,True,False,8.4,7.6
253128,112.36,osgb5000005134753276,True,False,8.4,7.6
253129,112.17,osgb5000005134753276,False,False,8.4,7.6
253130,112.0,osgb5000005134753276,False,False,8.4,7.6
253131,111.82,osgb5000005134753276,False,False,8.4,7.6
253700,111.57,osgb5000005134753276,True,False,8.4,7.6
253701,112.5,osgb5000005134753276,True,False,8.4,7.6
253702,112.08,osgb5000005134753276,True,False,8.4,7.6
253703,112.04,osgb5000005134753276,True,False,8.4,7.6
253704,111.93,osgb5000005134753276,True,False,8.4,7.6
253705,111.92,osgb5000005134753276,True,False,8.4,7.6
253706,111.94,osgb5000005134753276,True,False,8.4,7.6
253707,111.8,osgb5000005134753276,True,False,8.4,7.6
253708,113.85,osgb5000005134753276,True,False,8.4,7.6
253709,111.98,osgb5000005134753276,True,False,8.4,7.6
253710,112.16,osgb5000005134753276,True,False,8.4,7.6
253711,112.19,osgb5000005134753276,True,False,8.4,7.6
253712,112.11,osgb5000005134753276,True,False,8.4,7.6
253713,111.96,osgb5000005134753276,True,False,8.4,7.6
253714,111.95,osgb5000005134753276,True,False,8.4,7.6
253715,111.9,osgb5000005134753276,True,False,8.4,7.6
253716,112.02,osgb5000005134753276,True,False,8.4,7.6
253717,112.69,osgb5000005134753276,True,False,8.4,7.6
253718,112.22,osgb5000005134753276,True,False,8.4,7.6
253719,112.07,osgb5000005134753276,True,False,8.4,7.6
253720,112.22,osgb5000005134753276,True,False,8.4,7.6
253721,112.31,osgb5000005134753276,True,False,8.4,7.6
253722,112.2,osgb5000005134753276,True,False,8.4,7.6
253723,112.15,osgb5000005134753276,False,False,8.4,7.6
254281,113.23,osgb5000005134753276,True,False,8.4,7.6
254282,112.81,osgb5000005134753276,True,False,8.4,7.6
254283,115.02,osgb5000005134753276,True,False,8.4,7.6
254284,111.92,osgb5000005134753276,True,False,8.4,7.6
254285,111.99,osgb5000005134753276,True,False,8.4,7.6
254286,112.05,osgb5000005134753276,True,False,8.4,7.6
254287,111.96,osgb5000005134753276,True,False,8.4,7.6
254288,112.25,osgb5000005134753276,True,False,8.4,7.6
254289,112.06,osgb5000005134753276,True,False,8.4,7.6
254290,112.02,osgb5000005134753276,True,False,8.4,7.6
254291,112.02,osgb5000005134753276,True,False,8.4,7.6
254292,112.14,osgb5000005134753276,True,False,8.4,7.6
254293,112.1,osgb5000005134753276,True,False,8.4,7.6
254294,112.01,osgb5000005134753276,True,False,8.4,7.6
254295,112.03,osgb5000005134753276,True,False,8.4,7.6
254296,112.27,osgb5000005134753276,True,False,8.4,7.6
254297,112.37,osgb5000005134753276,True,False,8.4,7.6
254298,112.32,osgb5000005134753276,True,False,8.4,7.6
254299,112.38,osgb5000005134753276,True,False,8.4,7.6
254300,112.43,osgb5000005134753276,True,False,8.4,7.6
254301,112.36,osgb5000005134753276,True,False,8.4,7.6
254302,112.27,osgb5000005134753276,True,False,8.4,7.6
254303,112.1,osgb5000005134753276,True,False,8.4,7.6
254849,114.21,osgb5000005134753276,True,False,8.4,7.6
254850,114.67,osgb5000005134753276,True,False,8.4,7.6
254851,113.08,osgb5000005134753276,True,False,8.4,7.6
254852,112.0,osgb5000005134753276,True,False,8.4,7.6
254853,112.04,osgb5000005134753276,True,False,8.4,7.6
254854,112.05,osgb5000005134753276,True,False,8.4,7.6
254855,112.03,osgb5000005134753276,True,False,8.4,7.6
254856,113.91,osgb5000005134753276,True,False,8.4,7.6
254857,112.07,osgb5000005134753276,True,False,8.4,7.6
254858,112.02,osgb5000005134753276,True,False,8.4,7.6
254859,111.97,osgb5000005134753276,True,False,8.4,7.6
254860,112.0,osgb5000005134753276,True,False,8.4,7.6
254861,112.27,osgb5000005134753276,True,False,8.4,7.6
254862,112.57,osgb5000005134753276,True,False,8.4,7.6
254863,112.15,osgb5000005134753276,True,False,8.4,7.6
254864,112.34,osgb5000005134753276,True,False,8.4,7.6
254865,112.33,osgb5000005134753276,True,False,8.4,7.6
254866,112.36,osgb5000005134753276,True,False,8.4,7.6
254867,112.38,osgb5000005134753276,True,False,8.4,7.6
254868,112.44,osgb5000005134753276,True,False,8.4,7.6
254869,112.45,osgb5000005134753276,True,False,8.4,7.6
254870,112.4,osgb5000005134753276,True,False,8.4,7.6
254871,112.36,osgb5000005134753276,True,False,8.4,7.6
255412,116.74,osgb5000005134753276,True,False,8.4,7.6
255413,114.49,osgb5000005134753276,True,False,8.4,7.6
255414,111.97,osgb5000005134753276,True,False,8.4,7.6
255415,112.09,osgb5000005134753276,True,False,8.4,7.6
255416,112.01,osgb5000005134753276,True,False,8.4,7.6
255417,111.91,osgb5000005134753276,True,False,8.4,7.6
255418,111.93,osgb5000005134753276,True,False,8.4,7.6
255419,112.0,osgb5000005134753276,True,False,8.4,7.6
255420,113.2,osgb5000005134753276,True,False,8.4,7.6
255421,112.1,osgb5000005134753276,True,False,8.4,7.6
255422,111.95,osgb5000005134753276,True,False,8.4,7.6
255423,112.15,osgb5000005134753276,True,False,8.4,7.6
255424,112.38,osgb5000005134753276,True,False,8.4,7.6
255425,112.26,osgb5000005134753276,True,False,8.4,7.6
255426,112.15,osgb5000005134753276,True,False,8.4,7.6
255427,112.34,osgb5000005134753276,True,False,8.4,7.6
255428,112.33,osgb5000005134753276,True,False,8.4,7.6
255429,112.48,osgb5000005134753276,True,False,8.4,7.6
255430,112.51,osgb5000005134753276,True,False,8.4,7.6
255431,112.52,osgb5000005134753276,True,False,8.4,7.6
255432,112.45,osgb5000005134753276,True,False,8.4,7.6
255988,112.5,osgb5000005134753276,True,False,8.4,7.6
255989,111.81,osgb5000005134753276,True,False,8.4,7.6
255990,112.12,osgb5000005134753276,True,False,8.4,7.6
255991,112.04,osgb5000005134753276,True,False,8.4,7.6
255992,112.11,osgb5000005134753276,True,False,8.4,7.6
255993,112.15,osgb5000005134753276,True,False,8.4,7.6
255994,112.79,osgb5000005134753276,True,False,8.4,7.6
255995,113.75,osgb5000005134753276,True,False,8.4,7.6
255996,112.1,osgb5000005134753276,True,False,8.4,7.6
255997,112.01,osgb5000005134753276,True,False,8.4,7.6
255998,112.05,osgb5000005134753276,True,False,8.4,7.6
255999,112.65,osgb5000005134753276,True,False,8.4,7.6
256000,112.62,osgb5000005134753276,True,False,8.4,7.6
256001,112.38,osgb5000005134753276,True,False,8.4,7.6
256002,112.32,osgb5000005134753276,True,False,8.4,7.6
256003,112.4,osgb5000005134753276,True,False,8.4,7.6
256004,112.43,osgb5000005134753276,True,False,8.4,7.6
256005,112.5,osgb5000005134753276,True,False,8.4,7.6
256006,112.45,osgb5000005134753276,True,False,8.4,7.6
256583,111.83,osgb5000005134753276,True,False,8.4,7.6
256584,111.88,osgb5000005134753276,True,False,8.4,7.6
256585,112.21,osgb5000005134753276,True,False,8.4,7.6
256586,112.18,osgb5000005134753276,True,False,8.4,7.6
256587,112.23,osgb5000005134753276,True,False,8.4,7.6
256588,112.02,osgb5000005134753276,True,False,8.4,7.6
256589,111.93,osgb5000005134753276,True,False,8.4,7.6
256590,111.96,osgb5000005134753276,True,False,8.4,7.6
256591,112.04,osgb5000005134753276,True,False,8.4,7.6
256592,112.06,osgb5000005134753276,True,False,8.4,7.6
256593,112.5,osgb5000005134753276,True,False,8.4,7.6
256594,112.51,osgb5000005134753276,True,False,8.4,7.6
256595,112.21,osgb5000005134753276,True,False,8.4,7.6
256596,112.2,osgb5000005134753276,True,False,8.4,7.6
256597,112.24,osgb5000005134753276,True,False,8.4,7.6
256598,112.24,osgb5000005134753276,True,False,8.4,7.6
256599,112.49,osgb5000005134753276,True,False,8.4,7.6
257181,112.15,osgb5000005134753276,True,False,8.4,7.6
257182,113.08,osgb5000005134753276,True,False,8.4,7.6
257183,113.86,osgb5000005134753276,True,False,8.4,7.6
257184,112.39,osgb5000005134753276,True,False,8.4,7.6
257185,111.94,osgb5000005134753276,True,False,8.4,7.6
257186,111.94,osgb5000005134753276,True,False,8.4,7.6
257187,111.91,osgb5000005134753276,True,False,8.4,7.6
257188,111.94,osgb5000005134753276,True,False,8.4,7.6
257189,111.92,osgb5000005134753276,True,False,8.4,7.6
257190,111.87,osgb5000005134753276,True,False,8.4,7.6
257191,112.03,osgb5000005134753276,True,False,8.4,7.6
257192,111.9,osgb5000005134753276,True,False,8.4,7.6
257193,112.17,osgb5000005134753276,True,False,8.4,7.6
257194,112.1,osgb5000005134753276,True,False,8.4,7.6
257195,112.15,osgb5000005134753276,True,False,8.4,7.6
257795,113.08,osgb5000005134753276,True,False,8.4,7.6
257796,113.4,osgb5000005134753276,True,False,8.4,7.6
257797,113.55,osgb5000005134753276,True,False,8.4,7.6
257798,113.05,osgb5000005134753276,True,False,8.4,7.6
257799,112.18,osgb5000005134753276,True,False,8.4,7.6
257800,112.17,osgb5000005134753276,True,False,8.4,7.6
257801,111.96,osgb5000005134753276,True,False,8.4,7.6
257802,111.96,osgb5000005134753276,True,False,8.4,7.6
257803,111.89,osgb5000005134753276,True,False,8.4,7.6
257804,111.9,osgb5000005134753276,True,False,8.4,7.6
257805,111.97,osgb5000005134753276,True,False,8.4,7.6
257806,111.98,osgb5000005134753276,True,False,8.4,7.6
257807,112.02,osgb5000005134753276,True,False,8.4,7.6
258417,112.61,osgb5000005134753276,True,False,8.4,7.6
258418,113.32,osgb5000005134753276,True,False,8.4,7.6
258419,112.63,osgb5000005134753276,True,False,8.4,7.6
258420,112.18,osgb5000005134753276,True,False,8.4,7.6
258421,112.28,osgb5000005134753276,True,False,8.4,7.6
258422,112.18,osgb5000005134753276,True,False,8.4,7.6
258423,112.07,osgb5000005134753276,True,False,8.4,7.6
258424,112.25,osgb5000005134753276,True,False,8.4,7.6
258425,112.05,osgb5000005134753276,True,False,8.4,7.6
258426,112.11,osgb5000005134753276,True,False,8.4,7.6
258427,112.67,osgb5000005134753276,True,False,8.4,7.6
259045,114.14,osgb5000005134753276,True,False,8.4,7.6
259046,113.12,osgb5000005134753276,True,False,8.4,7.6
259047,114.53,osgb5000005134753276,True,False,8.4,7.6
259048,114.46,osgb5000005134753276,True,False,8.4,7.6
259049,112.14,osgb5000005134753276,True,False,8.4,7.6
259050,112.14,osgb5000005134753276,True,False,8.4,7.6
259051,112.16,osgb5000005134753276,True,False,8.4,7.6
259052,112.82,osgb5000005134753276,True,False,8.4,7.6
259053,111.97,osgb5000005134753276,True,False,8.4,7.6
259662,112.2,osgb5000005134753276,True,False,8.4,7.6
259663,114.75,osgb5000005134753276,True,False,8.4,7.6
259664,114.38,osgb5000005134753276,True,False,8.4,7.6
259665,112.65,osgb5000005134753276,True,False,8.4,7.6
259666,112.01,osgb5000005134753276,True,False,8.4,7.6
259667,112.03,osgb5000005134753276,True,False,8.4,7.6
260278,115.18,osgb5000005134753276,True,False,8.4,7.6
260279,115.39,osgb5000005134753276,True,False,8.4,7.6
260280,114.97,osgb5000005134753276,True,False,8.4,7.6
260281,114.57,osgb5000005134753276,True,False,8.4,7.6
260282,112.25,osgb5000005134753276,True,False,8.4,7.6
260895,115.55,osgb5000005134753276,True,False,8.4,7.6
260896,114.97,osgb5000005134753276,True,False,8.4,7.6
260897,114.81,osgb5000005134753276,True,False,8.4,7.6
224339,106.66,osgb5000005134753276,False,True,8.4,7.6
224340,106.65,osgb5000005134753276,False,True,8.4,7.6
224939,106.67,osgb5000005134753276,False,True,8.4,7.6
224940,106.67,osgb5000005134753276,False,False,8.4,7.6
225551,106.68,osgb5000005134753276,False,True,8.4,7.6
226183,106.69,osgb5000005134753276,False,True,8.4,7.6
226813,106.7,osgb5000005134753276,False,True,8.4,7.6
226814,106.68,osgb5000005134753276,False,True,8.4,7.6
227440,106.73,osgb5000005134753276,False,True,8.4,7.6
227441,106.74,osgb5000005134753276,False,False,8.4,7.6
228078,106.81,osgb5000005134753276,False,True,8.4,7.6
228719,106.94,osgb5000005134753276,False,True,8.4,7.6
229353,107.91,osgb5000005134753276,False,True,8.4,7.6
229354,107.49,osgb5000005134753276,False,False,8.4,7.6
230003,108.73,osgb5000005134753276,False,True,8.4,7.6
230004,108.37,osgb5000005134753276,False,False,8.4,7.6
230680,109.28,osgb5000005134753276,False,False,8.4,7.6
230681,109.24,osgb5000005134753276,False,True,8.4,7.6
230682,109.11,osgb5000005134753276,False,True,8.4,7.6
231368,109.26,osgb5000005134753276,False,True,8.4,7.6
231369,109.24,osgb5000005134753276,False,True,8.4,7.6
240574,111.47,osgb5000005134753276,False,False,8.4,7.6
241258,110.78,osgb5000005134753276,False,False,8.4,7.6
241259,111.1,osgb5000005134753276,False,True,8.4,7.6
241260,111.84,osgb5000005134753276,False,True,8.4,7.6
241940,110.85,osgb5000005134753276,False,False,8.4,7.6
241941,110.78,osgb5000005134753276,False,True,8.4,7.6
241942,111.94,osgb5000005134753276,False,True,8.4,7.6
242627,111.64,osgb5000005134753276,False,True,8.4,7.6
243308,111.1,osgb5000005134753276,False,False,8.4,7.6
243988,111.33,osgb5000005134753276,False,True,8.4,7.6
243989,111.31,osgb5000005134753276,False,False,8.4,7.6
244653,111.45,osgb5000005134753276,False,True,8.4,7.6
245304,111.05,osgb5000005134753276,False,True,8.4,7.6
245948,110.78,osgb5000005134753276,False,True,8.4,7.6
246608,110.98,osgb5000005134753276,False,True,8.4,7.6
246609,111.2,osgb5000005134753276,False,False,8.4,7.6
247260,111.82,osgb5000005134753276,False,True,8.4,7.6
247922,113.34,osgb5000005134753276,False,True,8.4,7.6
248600,115.71,osgb5000005134753276,False,True,8.4,7.6
249260,112.21,osgb5000005134753276,False,True,8.4,7.6
249261,110.71,osgb5000005134753276,False,False,8.4,7.6
249912,110.77,osgb5000005134753276,False,True,8.4,7.6
250571,110.76,osgb5000005134753276,False,True,8.4,7.6
251227,110.87,osgb5000005134753276,False,True,8.4,7.6
251868,111.1,osgb5000005134753276,False,True,8.4,7.6
251869,111.07,osgb5000005134753276,False,False,8.4,7.6
252500,111.23,osgb5000005134753276,False,True,8.4,7.6
252529,111.85,osgb5000005134753276,False,False,8.4,7.6
252530,111.81,osgb5000005134753276,False,True,8.4,7.6
253105,111.42,osgb5000005134753276,False,True,8.4,7.6
253132,111.85,osgb5000005134753276,False,True,8.4,7.6
253133,111.89,osgb5000005134753276,False,True,8.4,7.6
253699,114.11,osgb5000005134753276,False,True,8.4,7.6
253724,112.23,osgb5000005134753276,False,True,8.4,7.6
254280,112.88,osgb5000005134753276,False,False,8.4,7.6
254304,111.99,osgb5000005134753276,False,True,8.4,7.6
254847,113.61,osgb5000005134753276,False,True,8.4,7.6
254848,113.05,osgb5000005134753276,False,False,8.4,7.6
254872,112.14,osgb5000005134753276,False,True,8.4,7.6
255411,116.1,osgb5000005134753276,False,True,8.4,7.6
255433,112.47,osgb5000005134753276,False,False,8.4,7.6
255434,112.32,osgb5000005134753276,False,True,8.4,7.6
255987,111.79,osgb5000005134753276,False,True,8.4,7.6
256007,112.43,osgb5000005134753276,False,False,8.4,7.6
256008,112.48,osgb5000005134753276,False,True,8.4,7.6
256582,111.8,osgb5000005134753276,False,True,8.4,7.6
256600,112.5,osgb5000005134753276,False,True,8.4,7.6
257179,111.8,osgb5000005134753276,False,True,8.4,7.6
257180,111.84,osgb5000005134753276,False,False,8.4,7.6
257196,112.18,osgb5000005134753276,False,True,8.4,7.6
257794,112.71,osgb5000005134753276,False,True,8.4,7.6
257808,111.87,osgb5000005134753276,False,False,8.4,7.6
257809,111.85,osgb5000005134753276,False,True,8.4,7.6
258416,112.03,osgb5000005134753276,False,True,8.4,7.6
258428,111.78,osgb5000005134753276,False,True,8.4,7.6
258429,111.8,osgb5000005134753276,False,True,8.4,7.6
259044,112.43,osgb5000005134753276,False,True,8.4,7.6
259054,111.87,osgb5000005134753276,False,True,8.4,7.6
259660,112.39,osgb5000005134753276,False,True,8.4,7.6
259661,115.91,osgb5000005134753276,False,False,8.4,7.6
259668,113.12,osgb5000005134753276,False,False,8.4,7.6
259669,111.86,osgb5000005134753276,False,True,8.4,7.6
260277,113.24,osgb5000005134753276,False,True,8.4,7.6
260283,112.08,osgb5000005134753276,False,True,8.4,7.6
260284,111.94,osgb5000005134753276,False,True,8.4,7.6
260894,115.43,osgb5000005134753276,False,True,8.4,7.6
260898,112.81,osgb5000005134753276,False,True,8.4,7.6
261487,115.31,osgb5000005134753276,False,True,8.4,7.6
261488,114.98,osgb5000005134753276,False,False,8.4,7.6
261489,114.29,osgb5000005134753276,False,True,8.4,7.6
262077,115.02,osgb5000005134753276,False,True,8.4,7.6
262078,114.23,osgb5000005134753276,False,True,8.4,7.6
