pixel_id,easting,northing,elevation,aspect
429519,402924.29308015323,200383.84932041288,121.92,338.8
429521,402926.29308015323,200383.84932041288,121.96,15.14
429522,402927.29308015323,200383.84932041288,121.66,68.75
429775,402924.29308015323,200382.84932041288,122.05,322.39
429776,402925.29308015323,200382.84932041288,122.1,2.68
429777,402926.29308015323,200382.84932041288,122.06,85.52
430030,402923.29308015323,200381.84932041288,122.2,321.34
430031,402924.29308015323,200381.84932041288,122.16,6.01
430032,402925.29308015323,200381.84932041288,122.15,49.51
430033,402926.29308015323,200381.84932041288,122.04,47.87
430034,402927.29308015323,200381.84932041288,121.93,16.02
430035,402928.29308015323,200381.84932041288,121.82,61.32
430278,402923.29308015323,200380.84932041288,122.27,342.38
430279,402924.29308015323,200380.84932041288,122.25,46.19
430280,402925.29308015323,200380.84932041288,122.17,71.56
430281,402926.29308015323,200380.84932041288,122.07,71.57
430282,402927.29308015323,200380.84932041288,122.01,121.8
430534,402922.29308015323,200379.84932041288,122.34,342.86
430535,402923.29308015323,200379.84932041288,122.4,16.39
430536,402924.29308015323,200379.84932041288,122.29,68.96
430537,402925.29308015323,200379.84932041288,122.16,73.52
430538,402926.29308015323,200379.84932041288,122.11,76.75
430539,402927.29308015323,200379.84932041288,122.01,86.07
430541,402929.29308015323,200379.84932041288,121.79,43.04
430783,402920.29308015323,200378.84932041288,122.43,343.49
430784,402921.29308015323,200378.84932041288,122.45,349.12
430785,402922.29308015323,200378.84932041288,122.49,4.27
430786,402923.29308015323,200378.84932041288,122.42,63.82
430787,402924.29308015323,200378.84932041288,122.3,70.26
430788,402925.29308015323,200378.84932041288,122.22,59.54
430789,402926.29308015323,200378.84932041288,122.13,69.96
430790,402927.29308015323,200378.84932041288,122.0,96.73
430791,402928.29308015323,200378.84932041288,121.96,140.09
430792,402929.29308015323,200378.84932041288,121.76,138.06
431039,402920.29308015323,200377.84932041288,122.52,342.2
431040,402921.29308015323,200377.84932041288,122.56,4.5
431041,402922.29308015323,200377.84932041288,122.51,47.2
431042,402923.29308015323,200377.84932041288,122.43,75.62
431043,402924.29308015323,200377.84932041288,122.35,79.02
431044,402925.29308015323,200377.84932041288,122.29,75.96
431045,402926.29308015323,200377.84932041288,122.19,79.38
431046,402927.29308015323,200377.84932041288,122.03,92.51
431285,402919.29308015323,200376.84932041288,122.65,335.16
431286,402920.29308015323,200376.84932041288,122.7,348.69
431287,402921.29308015323,200376.84932041288,122.71,25.28
431288,402922.29308015323,200376.84932041288,122.59,54.87
431289,402923.29308015323,200376.84932041288,122.46,64.92
431290,402924.29308015323,200376.84932041288,122.32,71.11
431291,402925.29308015323,200376.84932041288,122.27,79.7
431292,402926.29308015323,200376.84932041288,122.17,78.94
431293,402927.29308015323,200376.84932041288,122.05,53.39
431526,402919.29308015323,200375.84932041288,122.74,340.87
431527,402920.29308015323,200375.84932041288,122.78,17.24
431528,402921.29308015323,200375.84932041288,122.71,67.31
431529,402922.29308015323,200375.84932041288,122.67,80.53
431530,402923.29308015323,200375.84932041288,122.53,81.71
431531,402924.29308015323,200375.84932041288,122.43,78.42
431532,402925.29308015323,200375.84932041288,122.29,70.02
431533,402926.29308015323,200375.84932041288,122.23,59.8
431534,402927.29308015323,200375.84932041288,122.12,46.78
431535,402928.29308015323,200375.84932041288,122.04,37.27
431536,402929.29308015323,200375.84932041288,121.96,82.33
431761,402918.29308015323,200374.84932041288,122.88,345.97
431762,402919.29308015323,200374.84932041288,122.91,5.86
431763,402920.29308015323,200374.84932041288,122.85,60.46
431764,402921.29308015323,200374.84932041288,122.73,81.19
431765,402922.29308015323,200374.84932041288,122.63,82.7
431766,402923.29308015323,200374.84932041288,122.5,79.8
431767,402924.29308015323,200374.84932041288,122.35,74.62
431768,402925.29308015323,200374.84932041288,122.34,72.64
431769,402926.29308015323,200374.84932041288,122.24,73.39
431770,402927.29308015323,200374.84932041288,122.23,75.74
431771,402928.29308015323,200374.84932041288,122.14,82.15
431772,402929.29308015323,200374.84932041288,121.8,70.66
431989,402917.29308015323,200373.84932041288,122.96,346.76
431990,402918.29308015323,200373.84932041288,122.97,0.81
431991,402919.29308015323,200373.84932041288,122.95,47.72
431992,402920.29308015323,200373.84932041288,122.83,70.71
431993,402921.29308015323,200373.84932041288,122.74,70.2
431994,402922.29308015323,200373.84932041288,122.67,68.34
431995,402923.29308015323,200373.84932041288,122.6,68.96
431996,402924.29308015323,200373.84932041288,122.47,68.43
431997,402925.29308015323,200373.84932041288,122.36,71.08
431998,402926.29308015323,200373.84932041288,122.25,72.15
431999,402927.29308015323,200373.84932041288,122.18,82.57
432000,402928.29308015323,200373.84932041288,122.05,76.55
432001,402929.29308015323,200373.84932041288,122.04,53.55
432222,402916.29308015323,200372.84932041288,123.02,341.19
432223,402917.29308015323,200372.84932041288,123.1,356.08
432224,402918.29308015323,200372.84932041288,123.04,41.01
432225,402919.29308015323,200372.84932041288,123.0,68.7
432226,402920.29308015323,200372.84932041288,122.91,72.47
432227,402921.29308015323,200372.84932041288,122.8,67.93
432228,402922.29308015323,200372.84932041288,122.7,69.27
432229,402923.29308015323,200372.84932041288,122.58,71.56
432230,402924.29308015323,200372.84932041288,122.47,68.87
432231,402925.29308015323,200372.84932041288,122.36,62.82
432232,402926.29308015323,200372.84932041288,122.32,68.2
432233,402927.29308015323,200372.84932041288,122.24,78.69
432234,402928.29308015323,200372.84932041288,122.13,75.76
432235,402929.29308015323,200372.84932041288,122.03,57.89
432236,402930.29308015323,200372.84932041288,121.92,80.25
432458,402915.29308015323,200371.84932041288,123.18,346.52
432459,402916.29308015323,200371.84932041288,123.13,356.11
432460,402917.29308015323,200371.84932041288,123.16,15.52
432461,402918.29308015323,200371.84932041288,123.09,52.99
432462,402919.29308015323,200371.84932041288,122.97,64.72
432463,402920.29308015323,200371.84932041288,122.9,77.85
432464,402921.29308015323,200371.84932041288,122.82,84.67
432465,402922.29308015323,200371.84932041288,122.74,81.19
432466,402923.29308015323,200371.84932041288,122.66,73.85
432467,402924.29308015323,200371.84932041288,122.56,63.74
432468,402925.29308015323,200371.84932041288,122.46,59.93
432469,402926.29308015323,200371.84932041288,122.34,70.43
432470,402927.29308015323,200371.84932041288,122.18,76.61
432471,402928.29308015323,200371.84932041288,122.12,75.34
432472,402929.29308015323,200371.84932041288,122.07,79.56
432473,402930.29308015323,200371.84932041288,121.96,66.21
432698,402915.29308015323,200370.84932041288,123.28,347.59
432699,402916.29308015323,200370.84932041288,123.3,17.56
432700,402917.29308015323,200370.84932041288,123.26,48.5
432701,402918.29308015323,200370.84932041288,123.16,63.43
432702,402919.29308015323,200370.84932041288,123.09,60.18
432703,402920.29308015323,200370.84932041288,122.95,65.18
432704,402921.29308015323,200370.84932041288,122.8,66.1
432705,402922.29308015323,200370.84932041288,122.73,66.19
432706,402923.29308015323,200370.84932041288,122.63,72.95
432707,402924.29308015323,200370.84932041288,122.56,83.99
432708,402925.29308015323,200370.84932041288,122.5,93.53
432709,402926.29308015323,200370.84932041288,122.39,86.71
432710,402927.29308015323,200370.84932041288,122.28,73.3
432711,402928.29308015323,200370.84932041288,122.18,65.55
432712,402929.29308015323,200370.84932041288,122.06,65.32
432713,402930.29308015323,200370.84932041288,121.95,92.85
432933,402914.29308015323,200369.84932041288,123.35,317.81
432934,402915.29308015323,200369.84932041288,123.44,350.4
432935,402916.29308015323,200369.84932041288,123.35,46.15
432936,402917.29308015323,200369.84932041288,123.25,62.47
432937,402918.29308015323,200369.84932041288,123.15,68.2
432938,402919.29308015323,200369.84932041288,123.1,76.33
432939,402920.29308015323,200369.84932041288,123.01,79.16
432940,402921.29308015323,200369.84932041288,122.9,74.98
432941,402922.29308015323,200369.84932041288,122.82,72.55
432942,402923.29308015323,200369.84932041288,122.72,72.9
432943,402924.29308015323,200369.84932041288,122.59,74.74
432944,402925.29308015323,200369.84932041288,122.42,77.68
432945,402926.29308015323,200369.84932041288,122.34,75.96
432946,402927.29308015323,200369.84932041288,122.27,71.08
432947,402928.29308015323,200369.84932041288,122.18,65.95
432948,402929.29308015323,200369.84932041288,122.16,62.74
432949,402930.29308015323,200369.84932041288,122.06,67.83
433180,402914.29308015323,200368.84932041288,123.39,266.19
433181,402915.29308015323,200368.84932041288,123.46,314.98
433182,402916.29308015323,200368.84932041288,123.41,70.95
433183,402917.29308015323,200368.84932041288,123.35,69.18
433184,402918.29308015323,200368.84932041288,123.24,71.13
433185,402919.29308015323,200368.84932041288,123.12,77.11
433186,402920.29308015323,200368.84932041288,122.99,83.26
433187,402921.29308015323,200368.84932041288,122.87,85.91
433188,402922.29308015323,200368.84932041288,122.77,88.41
433189,402923.29308015323,200368.84932041288,122.7,90.74
433190,402924.29308015323,200368.84932041288,122.62,85.06
433191,402925.29308015323,200368.84932041288,122.55,70.25
433192,402926.29308015323,200368.84932041288,122.42,61.22
433193,402927.29308015323,200368.84932041288,122.35,62.11
433194,402928.29308015323,200368.84932041288,122.25,62.02
433195,402929.29308015323,200368.84932041288,122.14,62.35
433196,402930.29308015323,200368.84932041288,122.06,51.76
433197,402931.29308015323,200368.84932041288,121.93,63.78
433427,402914.29308015323,200367.84932041288,123.35,253.12
433428,402915.29308015323,200367.84932041288,123.46,254.05
433429,402916.29308015323,200367.84932041288,123.4,74.75
433430,402917.29308015323,200367.84932041288,123.32,71.03
433431,402918.29308015323,200367.84932041288,123.23,68.96
433432,402919.29308015323,200367.84932041288,123.14,69.66
433433,402920.29308015323,200367.84932041288,123.04,72.28
433434,402921.29308015323,200367.84932041288,122.91,69.14
433435,402922.29308015323,200367.84932041288,122.83,64.38
433436,402923.29308015323,200367.84932041288,122.71,67.84
433437,402924.29308015323,200367.84932041288,122.59,69.28
433438,402925.29308015323,200367.84932041288,122.5,66.37
433439,402926.29308015323,200367.84932041288,122.46,66.41
433440,402927.29308015323,200367.84932041288,122.34,70.2
433441,402928.29308015323,200367.84932041288,122.28,74.17
433442,402929.29308015323,200367.84932041288,122.23,77.01
433443,402930.29308015323,200367.84932041288,122.15,77.86
433444,402931.29308015323,200367.84932041288,122.03,75.32
433673,402915.29308015323,200366.84932041288,123.44,259.5
433674,402916.29308015323,200366.84932041288,123.46,53.53
433675,402917.29308015323,200366.84932041288,123.39,56.07
433676,402918.29308015323,200366.84932041288,123.33,66.63
433677,402919.29308015323,200366.84932041288,123.2,75.68
433678,402920.29308015323,200366.84932041288,123.07,72.72
433679,402921.29308015323,200366.84932041288,122.94,62.85
433680,402922.29308015323,200366.84932041288,122.87,64.03
433681,402923.29308015323,200366.84932041288,122.78,69.96
433682,402924.29308015323,200366.84932041288,122.69,59.8
433683,402925.29308015323,200366.84932041288,122.61,52.26
433684,402926.29308015323,200366.84932041288,122.51,61.07
433685,402927.29308015323,200366.84932041288,122.42,69.96
433686,402928.29308015323,200366.84932041288,122.29,73.45
433687,402929.29308015323,200366.84932041288,122.18,74.74
433688,402930.29308015323,200366.84932041288,122.09,79.25
433689,402931.29308015323,200366.84932041288,122.0,53.07
433690,402932.29308015323,200366.84932041288,121.93,65.04
433913,402915.29308015323,200365.84932041288,123.42,249.18
433914,402916.29308015323,200365.84932041288,123.45,184.4
433915,402917.29308015323,200365.84932041288,123.43,95.6
433916,402918.29308015323,200365.84932041288,123.33,93.9
433917,402919.29308015323,200365.84932041288,123.18,88.73
433918,402920.29308015323,200365.84932041288,123.1,76.33
433919,402921.29308015323,200365.84932041288,123.03,65.81
433920,402922.29308015323,200365.84932041288,122.93,68.43
433921,402923.29308015323,200365.84932041288,122.77,73.47
433922,402924.29308015323,200365.84932041288,122.68,69.23
433923,402925.29308015323,200365.84932041288,122.65,68.2
433924,402926.29308015323,200365.84932041288,122.55,78.69
433925,402927.29308015323,200365.84932041288,122.43,84.35
433926,402928.29308015323,200365.84932041288,122.32,79.9
433927,402929.29308015323,200365.84932041288,122.28,73.71
433928,402930.29308015323,200365.84932041288,122.19,75.46
433929,402931.29308015323,200365.84932041288,122.05,77.2
433930,402932.29308015323,200365.84932041288,121.92,81.65
434150,402915.29308015323,200364.84932041288,123.35,248.46
434151,402916.29308015323,200364.84932041288,123.44,236.31
434152,402917.29308015323,200364.84932041288,123.39,82.24
434153,402918.29308015323,200364.84932041288,123.3,76.29
434154,402919.29308015323,200364.84932041288,123.2,66.25
434155,402920.29308015323,200364.84932041288,123.12,63.75
434156,402921.29308015323,200364.84932041288,123.02,67.01
434157,402922.29308015323,200364.84932041288,122.97,69.52
434158,402923.29308015323,200364.84932041288,122.84,69.45
434159,402924.29308015323,200364.84932041288,122.74,69.08
434160,402925.29308015323,200364.84932041288,122.67,77.97
434161,402926.29308015323,200364.84932041288,122.58,82.21
434162,402927.29308015323,200364.84932041288,122.4,77.2
434163,402928.29308015323,200364.84932041288,122.35,74.48
434164,402929.29308015323,200364.84932041288,122.21,82.78
434165,402930.29308015323,200364.84932041288,122.16,87.07
434166,402931.29308015323,200364.84932041288,122.04,84.09
434167,402932.29308015323,200364.84932041288,121.98,84.63
434168,402933.29308015323,200364.84932041288,121.92,70.78
434384,402916.29308015323,200363.84932041288,123.39,261.57
434385,402917.29308015323,200363.84932041288,123.48,39.82
434386,402918.29308015323,200363.84932041288,123.35,61.33
434387,402919.29308015323,200363.84932041288,123.29,56.31
434388,402920.29308015323,200363.84932041288,123.19,60.57
434389,402921.29308015323,200363.84932041288,123.09,66.8
434390,402922.29308015323,200363.84932041288,123.0,74.63
434391,402923.29308015323,200363.84932041288,122.88,75.38
434392,402924.29308015323,200363.84932041288,122.75,77.68
434393,402925.29308015323,200363.84932041288,122.66,76.86
434394,402926.29308015323,200363.84932041288,122.59,66.8
434395,402927.29308015323,200363.84932041288,122.47,65.75
434396,402928.29308015323,200363.84932041288,122.4,68.57
434397,402929.29308015323,200363.84932041288,122.28,65.67
434398,402930.29308015323,200363.84932041288,122.2,66.1
434399,402931.29308015323,200363.84932041288,122.07,69.15
434400,402932.29308015323,200363.84932041288,121.96,88.03
434613,402916.29308015323,200362.84932041288,123.37,260.28
434614,402917.29308015323,200362.84932041288,123.5,173.63
434615,402918.29308015323,200362.84932041288,123.39,92.42
434616,402919.29308015323,200362.84932041288,123.32,90.0
434617,402920.29308015323,200362.84932041288,123.23,89.28
434618,402921.29308015323,200362.84932041288,123.12,91.27
434619,402922.29308015323,200362.84932041288,122.99,92.18
434620,402923.29308015323,200362.84932041288,122.92,82.69
434621,402924.29308015323,200362.84932041288,122.8,76.83
434622,402925.29308015323,200362.84932041288,122.66,66.8
434623,402926.29308015323,200362.84932041288,122.68,63.04
434624,402927.29308015323,200362.84932041288,122.54,72.26
434625,402928.29308015323,200362.84932041288,122.38,72.38
434626,402929.29308015323,200362.84932041288,122.32,68.5
434627,402930.29308015323,200362.84932041288,122.24,70.3
434628,402931.29308015323,200362.84932041288,122.12,69.52
434629,402932.29308015323,200362.84932041288,122.06,47.82
434630,402933.29308015323,200362.84932041288,121.96,47.42
434827,402916.29308015323,200361.84932041288,123.37,244.79
434828,402917.29308015323,200361.84932041288,123.44,231.34
434829,402918.29308015323,200361.84932041288,123.36,72.22
434830,402919.29308015323,200361.84932041288,123.28,67.62
434831,402920.29308015323,200361.84932041288,123.2,75.47
434832,402921.29308015323,200361.84932041288,123.09,80.54
434833,402922.29308015323,200361.84932041288,122.97,82.87
434834,402923.29308015323,200361.84932041288,122.91,84.03
434835,402924.29308015323,200361.84932041288,122.82,77.62
434836,402925.29308015323,200361.84932041288,122.71,71.57
434837,402926.29308015323,200361.84932041288,122.66,83.23
434838,402927.29308015323,200361.84932041288,122.57,79.46
434839,402928.29308015323,200361.84932041288,122.45,66.8
434840,402929.29308015323,200361.84932041288,122.35,64.1
434841,402930.29308015323,200361.84932041288,122.27,67.17
434842,402931.29308015323,200361.84932041288,122.15,64.59
434843,402932.29308015323,200361.84932041288,122.04,64.33
434844,402933.29308015323,200361.84932041288,121.94,90.81
434845,402934.29308015323,200361.84932041288,121.87,83.44
435031,402917.29308015323,200360.84932041288,123.42,251.57
435032,402918.29308015323,200360.84932041288,123.48,41.83
435033,402919.29308015323,200360.84932041288,123.39,56.11
435034,402920.29308015323,200360.84932041288,123.28,55.15
435035,402921.29308015323,200360.84932041288,123.16,57.15
435036,402922.29308015323,200360.84932041288,123.02,60.12
435037,402923.29308015323,200360.84932041288,122.92,61.22
435038,402924.29308015323,200360.84932041288,122.84,61.8
435039,402925.29308015323,200360.84932041288,122.76,64.99
435040,402926.29308015323,200360.84932041288,122.65,72.51
435041,402927.29308015323,200360.84932041288,122.57,79.0
435042,402928.29308015323,200360.84932041288,122.51,73.52
435043,402929.29308015323,200360.84932041288,122.39,65.68
435044,402930.29308015323,200360.84932041288,122.31,69.84
435045,402931.29308015323,200360.84932041288,122.23,75.96
435046,402932.29308015323,200360.84932041288,122.15,77.32
435047,402933.29308015323,200360.84932041288,122.04,88.69
435221,402917.29308015323,200359.84932041288,123.36,252.07
435222,402918.29308015323,200359.84932041288,123.43,220.92
435223,402919.29308015323,200359.84932041288,123.41,85.6
435224,402920.29308015323,200359.84932041288,123.32,75.58
435225,402921.29308015323,200359.84932041288,123.27,73.89
435226,402922.29308015323,200359.84932041288,123.11,71.9
435227,402923.29308015323,200359.84932041288,122.99,65.56
435228,402924.29308015323,200359.84932041288,122.91,65.81
435229,402925.29308015323,200359.84932041288,122.82,68.07
435230,402926.29308015323,200359.84932041288,122.7,70.35
435231,402927.29308015323,200359.84932041288,122.61,79.22
435232,402928.29308015323,200359.84932041288,122.47,87.36
435233,402929.29308015323,200359.84932041288,122.48,87.43
435234,402930.29308015323,200359.84932041288,122.32,82.26
435235,402931.29308015323,200359.84932041288,122.21,82.06
435236,402932.29308015323,200359.84932041288,122.07,92.49
435237,402933.29308015323,200359.84932041288,122.0,50.22
435238,402934.29308015323,200359.84932041288,121.94,55.28
435399,402917.29308015323,200358.84932041288,123.36,249.28
435400,402918.29308015323,200358.84932041288,123.42,256.76
435401,402919.29308015323,200358.84932041288,123.42,68.49
435402,402920.29308015323,200358.84932041288,123.32,72.6
435403,402921.29308015323,200358.84932041288,123.23,77.68
435404,402922.29308015323,200358.84932041288,123.1,76.83
435405,402923.29308015323,200358.84932041288,123.02,72.44
435406,402924.29308015323,200358.84932041288,122.91,75.25
435407,402925.29308015323,200358.84932041288,122.83,75.96
435408,402926.29308015323,200358.84932041288,122.75,75.65
435409,402927.29308015323,200358.84932041288,122.6,70.39
435410,402928.29308015323,200358.84932041288,122.51,68.46
435411,402929.29308015323,200358.84932041288,122.39,79.9
435412,402930.29308015323,200358.84932041288,122.34,77.01
435413,402931.29308015323,200358.84932041288,122.28,67.48
435414,402932.29308015323,200358.84932041288,122.14,68.67
435415,402933.29308015323,200358.84932041288,121.97,68.57
435416,402934.29308015323,200358.84932041288,121.92,69.66
435580,402918.29308015323,200357.84932041288,123.4,263.16
435581,402919.29308015323,200357.84932041288,123.46,92.48
435582,402920.29308015323,200357.84932041288,123.38,90.83
435583,402921.29308015323,200357.84932041288,123.31,88.63
435584,402922.29308015323,200357.84932041288,123.16,83.37
435585,402923.29308015323,200357.84932041288,123.07,78.41
435586,402924.29308015323,200357.84932041288,122.95,73.86
435587,402925.29308015323,200357.84932041288,122.86,69.63
435588,402926.29308015323,200357.84932041288,122.76,69.45
435589,402927.29308015323,200357.84932041288,122.67,60.68
435590,402928.29308015323,200357.84932041288,122.6,56.14
435591,402929.29308015323,200357.84932041288,122.46,59.42
435592,402930.29308015323,200357.84932041288,122.36,63.78
435593,402931.29308015323,200357.84932041288,122.3,73.01
435594,402932.29308015323,200357.84932041288,122.19,67.55
435595,402933.29308015323,200357.84932041288,122.08,58.65
435596,402934.29308015323,200357.84932041288,121.97,45.84
435597,402935.29308015323,200357.84932041288,121.95,53.07
435761,402918.29308015323,200356.84932041288,123.42,264.4
435762,402919.29308015323,200356.84932041288,123.41,68.21
435763,402920.29308015323,200356.84932041288,123.33,72.1
435764,402921.29308015323,200356.84932041288,123.21,72.85
435765,402922.29308015323,200356.84932041288,123.15,74.51
435766,402923.29308015323,200356.84932041288,123.04,82.06
435767,402924.29308015323,200356.84932041288,122.98,90.76
435768,402925.29308015323,200356.84932041288,122.89,89.12
435769,402926.29308015323,200356.84932041288,122.82,83.83
435770,402927.29308015323,200356.84932041288,122.7,80.39
435771,402928.29308015323,200356.84932041288,122.65,73.14
435772,402929.29308015323,200356.84932041288,122.54,68.88
435773,402930.29308015323,200356.84932041288,122.42,69.23
435774,402931.29308015323,200356.84932041288,122.3,72.51
435775,402932.29308015323,200356.84932041288,122.24,71.1
435776,402933.29308015323,200356.84932041288,122.13,67.48
435777,402934.29308015323,200356.84932041288,122.03,66.41
435778,402935.29308015323,200356.84932041288,121.94,53.56
435779,402936.29308015323,200356.84932041288,121.76,47.41
435943,402918.29308015323,200355.84932041288,123.37,247.52
435944,402919.29308015323,200355.84932041288,123.45,285.25
435945,402920.29308015323,200355.84932041288,123.47,55.54
435946,402921.29308015323,200355.84932041288,123.35,60.95
435947,402922.29308015323,200355.84932041288,123.24,60.48
435948,402923.29308015323,200355.84932041288,123.1,65.56
435949,402924.29308015323,200355.84932041288,122.93,66.8
435950,402925.29308015323,200355.84932041288,122.86,70.02
435951,402926.29308015323,200355.84932041288,122.79,77.8
435952,402927.29308015323,200355.84932041288,122.69,82.57
435953,402928.29308015323,200355.84932041288,122.64,90.0
435954,402929.29308015323,200355.84932041288,122.56,86.08
435955,402930.29308015323,200355.84932041288,122.46,77.95
435956,402931.29308015323,200355.84932041288,122.33,75.12
435957,402932.29308015323,200355.84932041288,122.26,77.13
435958,402933.29308015323,200355.84932041288,122.16,78.97
435959,402934.29308015323,200355.84932041288,122.08,77.55
435960,402935.29308015323,200355.84932041288,121.96,81.33
436126,402919.29308015323,200354.84932041288,123.43,246.8
436127,402920.29308015323,200354.84932041288,123.44,74.36
436128,402921.29308015323,200354.84932041288,123.32,71.56
436129,402922.29308015323,200354.84932041288,123.27,71.14
436130,402923.29308015323,200354.84932041288,123.16,70.5
436131,402924.29308015323,200354.84932041288,123.07,64.49
436132,402925.29308015323,200354.84932041288,122.95,63.14
436133,402926.29308015323,200354.84932041288,122.85,68.58
436134,402927.29308015323,200354.84932041288,122.74,69.28
436135,402928.29308015323,200354.84932041288,122.63,67.01
436136,402929.29308015323,200354.84932041288,122.54,65.28
436137,402930.29308015323,200354.84932041288,122.49,71.96
436138,402931.29308015323,200354.84932041288,122.35,74.05
436139,402932.29308015323,200354.84932041288,122.28,73.95
436140,402933.29308015323,200354.84932041288,122.16,82.62
436141,402934.29308015323,200354.84932041288,122.08,86.91
436142,402935.29308015323,200354.84932041288,121.98,61.03
436143,402936.29308015323,200354.84932041288,121.9,84.14
436303,402919.29308015323,200353.84932041288,123.36,255.62
436304,402920.29308015323,200353.84932041288,123.51,300.98
436305,402921.29308015323,200353.84932041288,123.43,67.78
436306,402922.29308015323,200353.84932041288,123.3,70.77
436307,402923.29308015323,200353.84932041288,123.18,69.96
436308,402924.29308015323,200353.84932041288,123.05,64.0
436309,402925.29308015323,200353.84932041288,122.96,62.61
436310,402926.29308015323,200353.84932041288,122.86,64.54
436311,402927.29308015323,200353.84932041288,122.76,66.45
436312,402928.29308015323,200353.84932041288,122.71,69.62
436313,402929.29308015323,200353.84932041288,122.63,69.34
436314,402930.29308015323,200353.84932041288,122.54,73.97
436315,402931.29308015323,200353.84932041288,122.38,77.0
436316,402932.29308015323,200353.84932041288,122.32,77.8
436317,402933.29308015323,200353.84932041288,122.2,80.34
436318,402934.29308015323,200353.84932041288,122.05,81.87
436319,402935.29308015323,200353.84932041288,122.02,80.36
436320,402936.29308015323,200353.84932041288,121.95,106.37
436477,402919.29308015323,200352.84932041288,123.37,253.76
436478,402920.29308015323,200352.84932041288,123.44,240.42
436479,402921.29308015323,200352.84932041288,123.44,87.8
436480,402922.29308015323,200352.84932041288,123.32,79.92
436481,402923.29308015323,200352.84932041288,123.24,77.01
436482,402924.29308015323,200352.84932041288,123.17,74.75
436483,402925.29308015323,200352.84932041288,123.07,71.13
436484,402926.29308015323,200352.84932041288,122.94,63.72
436485,402927.29308015323,200352.84932041288,122.84,63.97
436486,402928.29308015323,200352.84932041288,122.68,67.33
436487,402929.29308015323,200352.84932041288,122.6,67.25
436488,402930.29308015323,200352.84932041288,122.55,75.96
436489,402931.29308015323,200352.84932041288,122.42,81.55
436490,402932.29308015323,200352.84932041288,122.29,82.3
436491,402933.29308015323,200352.84932041288,122.23,73.3
436492,402934.29308015323,200352.84932041288,122.09,64.29
436493,402935.29308015323,200352.84932041288,122.0,66.8
436494,402936.29308015323,200352.84932041288,121.94,77.88
436647,402920.29308015323,200351.84932041288,123.41,259.12
436648,402921.29308015323,200351.84932041288,123.47,75.46
436649,402922.29308015323,200351.84932041288,123.34,74.05
436650,402923.29308015323,200351.84932041288,123.22,71.13
436651,402924.29308015323,200351.84932041288,123.11,77.62
436652,402925.29308015323,200351.84932041288,123.01,81.65
436653,402926.29308015323,200351.84932041288,122.97,87.83
436654,402927.29308015323,200351.84932041288,122.88,90.66
436655,402928.29308015323,200351.84932041288,122.78,79.0
436656,402929.29308015323,200351.84932041288,122.7,67.89
436657,402930.29308015323,200351.84932041288,122.59,73.12
436658,402931.29308015323,200351.84932041288,122.43,69.83
436659,402932.29308015323,200351.84932041288,122.32,58.35
436660,402933.29308015323,200351.84932041288,122.25,53.13
436661,402934.29308015323,200351.84932041288,122.19,55.46
436662,402935.29308015323,200351.84932041288,122.08,56.98
436663,402936.29308015323,200351.84932041288,121.96,47.08
436664,402937.29308015323,200351.84932041288,121.87,56.21
436812,402920.29308015323,200350.84932041288,123.39,264.81
436813,402921.29308015323,200350.84932041288,123.47,21.04
436814,402922.29308015323,200350.84932041288,123.38,67.38
436815,402923.29308015323,200350.84932041288,123.33,61.97
436816,402924.29308015323,200350.84932041288,123.2,60.04
436817,402925.29308015323,200350.84932041288,123.1,63.97
436818,402926.29308015323,200350.84932041288,122.96,74.22
436819,402927.29308015323,200350.84932041288,122.8,74.15
436820,402928.29308015323,200350.84932041288,122.73,71.03
436821,402929.29308015323,200350.84932041288,122.68,75.35
436822,402930.29308015323,200350.84932041288,122.6,71.57
436823,402931.29308015323,200350.84932041288,122.51,65.85
436824,402932.29308015323,200350.84932041288,122.42,66.11
436825,402933.29308015323,200350.84932041288,122.33,67.89
436826,402934.29308015323,200350.84932041288,122.24,71.1
436827,402935.29308015323,200350.84932041288,122.13,64.06
436828,402936.29308015323,200350.84932041288,122.05,57.34
436829,402937.29308015323,200350.84932041288,121.93,89.7
436982,402920.29308015323,200349.84932041288,123.38,257.62
436983,402921.29308015323,200349.84932041288,123.51,281.3
436984,402922.29308015323,200349.84932041288,123.42,70.47
436985,402923.29308015323,200349.84932041288,123.32,73.86
436986,402924.29308015323,200349.84932041288,123.24,76.8
436987,402925.29308015323,200349.84932041288,123.14,76.11
436988,402926.29308015323,200349.84932041288,123.0,66.96
436989,402927.29308015323,200349.84932041288,122.95,56.66
436990,402928.29308015323,200349.84932041288,122.84,60.82
436991,402929.29308015323,200349.84932041288,122.73,63.78
436992,402930.29308015323,200349.84932041288,122.64,60.64
436993,402931.29308015323,200349.84932041288,122.56,66.96
436994,402932.29308015323,200349.84932041288,122.4,73.07
436995,402933.29308015323,200349.84932041288,122.31,74.61
436996,402934.29308015323,200349.84932041288,122.25,77.47
437154,402921.29308015323,200348.84932041288,123.46,246.5
437155,402922.29308015323,200348.84932041288,123.48,80.75
437156,402923.29308015323,200348.84932041288,123.36,75.46
437157,402924.29308015323,200348.84932041288,123.26,73.37
437158,402925.29308015323,200348.84932041288,123.14,69.14
437159,402926.29308015323,200348.84932041288,123.05,64.33
437160,402927.29308015323,200348.84932041288,122.95,64.06
437161,402928.29308015323,200348.84932041288,122.84,70.43
437162,402929.29308015323,200348.84932041288,122.74,74.36
437163,402930.29308015323,200348.84932041288,122.7,81.12
437323,402921.29308015323,200347.84932041288,123.43,262.12
437324,402922.29308015323,200347.84932041288,123.46,40.6
437325,402923.29308015323,200347.84932041288,123.39,68.2
437326,402924.29308015323,200347.84932041288,123.27,69.84
437487,402921.29308015323,200346.84932041288,123.42,260.42
437488,402922.29308015323,200346.84932041288,123.51,293.21
437489,402923.29308015323,200346.84932041288,123.48,64.09
437490,402924.29308015323,200346.84932041288,123.31,69.72
431506,402899.29308015323,200375.84932041288,121.95,329.88
431507,402900.29308015323,200375.84932041288,121.98,11.81
431742,402899.29308015323,200374.84932041288,122.04,290.82
431743,402900.29308015323,200374.84932041288,122.06,2.29
431744,402901.29308015323,200374.84932041288,122.15,343.77
431745,402902.29308015323,200374.84932041288,122.22,326.4
431746,402903.29308015323,200374.84932041288,122.25,345.14
431970,402898.29308015323,200373.84932041288,121.93,307.0
431971,402899.29308015323,200373.84932041288,122.07,306.34
431972,402900.29308015323,200373.84932041288,122.18,291.5
431973,402901.29308015323,200373.84932041288,122.24,301.55
431974,402902.29308015323,200373.84932041288,122.31,307.87
431975,402903.29308015323,200373.84932041288,122.37,325.31
431976,402904.29308015323,200373.84932041288,122.39,342.28
431977,402905.29308015323,200373.84932041288,122.43,345.16
432204,402898.29308015323,200372.84932041288,121.93,238.87
432205,402899.29308015323,200372.84932041288,122.03,256.83
432206,402900.29308015323,200372.84932041288,122.15,260.54
432207,402901.29308015323,200372.84932041288,122.24,270.0
432208,402902.29308015323,200372.84932041288,122.3,277.89
432209,402903.29308015323,200372.84932041288,122.42,287.95
432210,402904.29308015323,200372.84932041288,122.52,307.47
432211,402905.29308015323,200372.84932041288,122.6,327.09
432212,402906.29308015323,200372.84932041288,122.61,332.93
432213,402907.29308015323,200372.84932041288,122.72,334.07
432214,402908.29308015323,200372.84932041288,122.73,343.67
432215,402909.29308015323,200372.84932041288,122.77,347.15
432442,402899.29308015323,200371.84932041288,122.01,254.14
432443,402900.29308015323,200371.84932041288,122.13,254.95
432444,402901.29308015323,200371.84932041288,122.26,254.48
432445,402902.29308015323,200371.84932041288,122.32,258.69
432446,402903.29308015323,200371.84932041288,122.42,261.67
432447,402904.29308015323,200371.84932041288,122.51,258.69
432448,402905.29308015323,200371.84932041288,122.6,263.66
432449,402906.29308015323,200371.84932041288,122.69,279.33
432450,402907.29308015323,200371.84932041288,122.77,291.04
432451,402908.29308015323,200371.84932041288,122.87,312.51
432452,402909.29308015323,200371.84932041288,122.89,332.79
432453,402910.29308015323,200371.84932041288,122.9,338.81
432454,402911.29308015323,200371.84932041288,122.95,346.49
432455,402912.29308015323,200371.84932041288,123.04,347.47
432682,402899.29308015323,200370.84932041288,121.97,234.72
432683,402900.29308015323,200370.84932041288,122.08,243.97
432684,402901.29308015323,200370.84932041288,122.19,239.25
432685,402902.29308015323,200370.84932041288,122.27,244.9
432686,402903.29308015323,200370.84932041288,122.39,252.38
432687,402904.29308015323,200370.84932041288,122.49,250.56
432688,402905.29308015323,200370.84932041288,122.55,254.36
432689,402906.29308015323,200370.84932041288,122.67,260.07
432690,402907.29308015323,200370.84932041288,122.76,254.9
432691,402908.29308015323,200370.84932041288,122.84,255.17
432692,402909.29308015323,200370.84932041288,122.95,277.43
432693,402910.29308015323,200370.84932041288,123.05,302.47
432694,402911.29308015323,200370.84932041288,123.16,319.16
432695,402912.29308015323,200370.84932041288,123.14,331.8
432696,402913.29308015323,200370.84932041288,123.18,338.32
432697,402914.29308015323,200370.84932041288,123.21,335.82
432918,402899.29308015323,200369.84932041288,121.95,264.19
432919,402900.29308015323,200369.84932041288,122.02,248.46
432920,402901.29308015323,200369.84932041288,122.12,249.52
432921,402902.29308015323,200369.84932041288,122.24,253.12
432922,402903.29308015323,200369.84932041288,122.35,252.38
432923,402904.29308015323,200369.84932041288,122.46,246.19
432924,402905.29308015323,200369.84932041288,122.53,253.24
432925,402906.29308015323,200369.84932041288,122.67,257.4
432926,402907.29308015323,200369.84932041288,122.74,249.68
432927,402908.29308015323,200369.84932041288,122.78,253.44
432928,402909.29308015323,200369.84932041288,122.92,256.26
432929,402910.29308015323,200369.84932041288,123.02,252.47
432930,402911.29308015323,200369.84932041288,123.1,256.37
432931,402912.29308015323,200369.84932041288,123.21,281.31
432932,402913.29308015323,200369.84932041288,123.29,308.02
433165,402899.29308015323,200368.84932041288,121.89,237.24
433166,402900.29308015323,200368.84932041288,122.02,263.83
433167,402901.29308015323,200368.84932041288,122.09,257.23
433168,402902.29308015323,200368.84932041288,122.22,251.18
433169,402903.29308015323,200368.84932041288,122.32,250.77
433170,402904.29308015323,200368.84932041288,122.41,254.88
433171,402905.29308015323,200368.84932041288,122.48,263.11
433172,402906.29308015323,200368.84932041288,122.64,262.45
433173,402907.29308015323,200368.84932041288,122.7,257.47
433174,402908.29308015323,200368.84932041288,122.79,261.43
433175,402909.29308015323,200368.84932041288,122.89,259.46
433176,402910.29308015323,200368.84932041288,123.0,256.68
433177,402911.29308015323,200368.84932041288,123.08,255.41
433178,402912.29308015323,200368.84932041288,123.19,251.57
433179,402913.29308015323,200368.84932041288,123.28,254.36
433413,402900.29308015323,200367.84932041288,122.02,229.49
433414,402901.29308015323,200367.84932041288,122.08,250.51
433415,402902.29308015323,200367.84932041288,122.15,253.24
433416,402903.29308015323,200367.84932041288,122.27,256.11
433417,402904.29308015323,200367.84932041288,122.41,259.22
433418,402905.29308015323,200367.84932041288,122.51,259.92
433419,402906.29308015323,200367.84932041288,122.65,252.47
433420,402907.29308015323,200367.84932041288,122.69,251.57
433421,402908.29308015323,200367.84932041288,122.78,259.0
433422,402909.29308015323,200367.84932041288,122.86,256.14
433423,402910.29308015323,200367.84932041288,122.98,251.12
433424,402911.29308015323,200367.84932041288,123.06,248.2
433425,402912.29308015323,200367.84932041288,123.14,249.7
433426,402913.29308015323,200367.84932041288,123.22,249.84
433658,402900.29308015323,200366.84932041288,121.96,249.65
433659,402901.29308015323,200366.84932041288,122.04,250.01
433660,402902.29308015323,200366.84932041288,122.15,251.56
433661,402903.29308015323,200366.84932041288,122.26,250.46
433662,402904.29308015323,200366.84932041288,122.37,246.16
433663,402905.29308015323,200366.84932041288,122.46,241.78
433664,402906.29308015323,200366.84932041288,122.56,237.22
433665,402907.29308015323,200366.84932041288,122.64,245.77
433666,402908.29308015323,200366.84932041288,122.78,254.75
433667,402909.29308015323,200366.84932041288,122.83,255.58
433668,402910.29308015323,200366.84932041288,122.94,253.95
433669,402911.29308015323,200366.84932041288,123.0,252.55
433670,402912.29308015323,200366.84932041288,123.13,256.14
433671,402913.29308015323,200366.84932041288,123.21,257.23
433672,402914.29308015323,200366.84932041288,123.3,257.73
433898,402900.29308015323,200365.84932041288,121.93,256.91
433899,402901.29308015323,200365.84932041288,122.04,248.63
433900,402902.29308015323,200365.84932041288,122.08,249.7
433901,402903.29308015323,200365.84932041288,122.19,251.17
433902,402904.29308015323,200365.84932041288,122.31,249.96
433903,402905.29308015323,200365.84932041288,122.41,250.71
433904,402906.29308015323,200365.84932041288,122.51,251.56
433905,402907.29308015323,200365.84932041288,122.6,251.16
433906,402908.29308015323,200365.84932041288,122.74,249.15
433907,402909.29308015323,200365.84932041288,122.82,247.2
433908,402910.29308015323,200365.84932041288,122.92,250.64
433909,402911.29308015323,200365.84932041288,123.01,255.78
433910,402912.29308015323,200365.84932041288,123.08,255.78
433911,402913.29308015323,200365.84932041288,123.2,250.14
433912,402914.29308015323,200365.84932041288,123.28,251.17
434136,402901.29308015323,200364.84932041288,121.97,246.62
434137,402902.29308015323,200364.84932041288,122.09,257.62
434138,402903.29308015323,200364.84932041288,122.18,260.88
434139,402904.29308015323,200364.84932041288,122.29,255.8
434140,402905.29308015323,200364.84932041288,122.39,254.51
434141,402906.29308015323,200364.84932041288,122.5,252.95
434142,402907.29308015323,200364.84932041288,122.58,250.68
434143,402908.29308015323,200364.84932041288,122.67,249.15
434144,402909.29308015323,200364.84932041288,122.79,243.1
434145,402910.29308015323,200364.84932041288,122.84,243.74
434146,402911.29308015323,200364.84932041288,122.98,249.59
434147,402912.29308015323,200364.84932041288,123.08,249.62
434148,402913.29308015323,200364.84932041288,123.14,247.62
434149,402914.29308015323,200364.84932041288,123.23,250.77
434369,402901.29308015323,200363.84932041288,121.92,227.02
434370,402902.29308015323,200363.84932041288,122.06,250.43
434371,402903.29308015323,200363.84932041288,122.17,246.8
434372,402904.29308015323,200363.84932041288,122.24,245.56
434373,402905.29308015323,200363.84932041288,122.36,249.66
434374,402906.29308015323,200363.84932041288,122.45,255.47
434375,402907.29308015323,200363.84932041288,122.54,257.47
434376,402908.29308015323,200363.84932041288,122.65,252.48
434377,402909.29308015323,200363.84932041288,122.74,250.15
434378,402910.29308015323,200363.84932041288,122.82,257.85
434379,402911.29308015323,200363.84932041288,122.92,261.16
434380,402912.29308015323,200363.84932041288,123.04,255.17
434381,402913.29308015323,200363.84932041288,123.11,254.17
434382,402914.29308015323,200363.84932041288,123.22,258.18
434383,402915.29308015323,200363.84932041288,123.33,253.95
434598,402901.29308015323,200362.84932041288,121.93,251.96
434599,402902.29308015323,200362.84932041288,121.98,246.63
434600,402903.29308015323,200362.84932041288,122.12,244.29
434601,402904.29308015323,200362.84932041288,122.19,245.9
434602,402905.29308015323,200362.84932041288,122.3,249.72
434603,402906.29308015323,200362.84932041288,122.45,250.82
434604,402907.29308015323,200362.84932041288,122.56,252.03
434605,402908.29308015323,200362.84932041288,122.6,257.8
434606,402909.29308015323,200362.84932041288,122.71,264.29
434607,402910.29308015323,200362.84932041288,122.81,267.28
434608,402911.29308015323,200362.84932041288,122.95,262.27
434609,402912.29308015323,200362.84932041288,123.03,250.47
434610,402913.29308015323,200362.84932041288,123.09,253.95
434611,402914.29308015323,200362.84932041288,123.19,260.22
434612,402915.29308015323,200362.84932041288,123.3,259.63
434813,402902.29308015323,200361.84932041288,121.96,234.73
434814,402903.29308015323,200361.84932041288,122.06,255.96
434815,402904.29308015323,200361.84932041288,122.17,261.87
434816,402905.29308015323,200361.84932041288,122.27,262.63
434817,402906.29308015323,200361.84932041288,122.36,253.97
434818,402907.29308015323,200361.84932041288,122.49,245.56
434819,402908.29308015323,200361.84932041288,122.6,250.35
434820,402909.29308015323,200361.84932041288,122.73,256.43
434821,402910.29308015323,200361.84932041288,122.81,256.29
434822,402911.29308015323,200361.84932041288,122.91,248.63
434823,402912.29308015323,200361.84932041288,122.96,243.43
434824,402913.29308015323,200361.84932041288,123.06,250.25
434825,402914.29308015323,200361.84932041288,123.19,252.35
434826,402915.29308015323,200361.84932041288,123.29,247.78
435016,402902.29308015323,200360.84932041288,121.94,236.5
435017,402903.29308015323,200360.84932041288,122.03,258.23
435018,402904.29308015323,200360.84932041288,122.19,256.91
435019,402905.29308015323,200360.84932041288,122.27,252.44
435020,402906.29308015323,200360.84932041288,122.4,254.98
435021,402907.29308015323,200360.84932041288,122.44,256.68
435022,402908.29308015323,200360.84932041288,122.54,254.86
435023,402909.29308015323,200360.84932041288,122.65,251.18
435024,402910.29308015323,200360.84932041288,122.78,246.45
435025,402911.29308015323,200360.84932041288,122.87,244.8
435026,402912.29308015323,200360.84932041288,122.95,250.02
435027,402913.29308015323,200360.84932041288,123.03,250.14
435028,402914.29308015323,200360.84932041288,123.11,248.43
435029,402915.29308015323,200360.84932041288,123.24,242.78
435030,402916.29308015323,200360.84932041288,123.28,242.42
435206,402902.29308015323,200359.84932041288,121.88,257.2
435207,402903.29308015323,200359.84932041288,122.02,258.69
435208,402904.29308015323,200359.84932041288,122.13,249.36
435209,402905.29308015323,200359.84932041288,122.19,246.45
435210,402906.29308015323,200359.84932041288,122.31,248.43
435211,402907.29308015323,200359.84932041288,122.45,248.57
435212,402908.29308015323,200359.84932041288,122.55,249.84
435213,402909.29308015323,200359.84932041288,122.64,249.15
435214,402910.29308015323,200359.84932041288,122.74,239.28
435215,402911.29308015323,200359.84932041288,122.8,234.46
435216,402912.29308015323,200359.84932041288,122.93,239.7
435217,402913.29308015323,200359.84932041288,122.99,243.1
435218,402914.29308015323,200359.84932041288,123.1,246.63
435219,402915.29308015323,200359.84932041288,123.2,245.33
435220,402916.29308015323,200359.84932041288,123.28,251.1
435385,402903.29308015323,200358.84932041288,122.01,256.47
435386,402904.29308015323,200358.84932041288,122.09,246.41
435387,402905.29308015323,200358.84932041288,122.2,254.41
435388,402906.29308015323,200358.84932041288,122.3,257.11
435389,402907.29308015323,200358.84932041288,122.37,251.56
435390,402908.29308015323,200358.84932041288,122.47,248.96
435391,402909.29308015323,200358.84932041288,122.57,248.2
435392,402910.29308015323,200358.84932041288,122.69,245.56
435393,402911.29308015323,200358.84932041288,122.72,248.05
435394,402912.29308015323,200358.84932041288,122.84,249.06
435395,402913.29308015323,200358.84932041288,122.95,248.46
435396,402914.29308015323,200358.84932041288,123.03,247.93
435397,402915.29308015323,200358.84932041288,123.13,241.89
435398,402916.29308015323,200358.84932041288,123.24,244.0
435565,402903.29308015323,200357.84932041288,121.98,235.82
435566,402904.29308015323,200357.84932041288,122.02,239.03
435567,402905.29308015323,200357.84932041288,122.14,248.8
435568,402906.29308015323,200357.84932041288,122.28,250.34
435569,402907.29308015323,200357.84932041288,122.37,250.64
435570,402908.29308015323,200357.84932041288,122.48,251.57
435571,402909.29308015323,200357.84932041288,122.56,258.94
435572,402910.29308015323,200357.84932041288,122.65,267.71
435573,402911.29308015323,200357.84932041288,122.76,269.09
435574,402912.29308015323,200357.84932041288,122.83,267.06
435575,402913.29308015323,200357.84932041288,122.92,267.88
435576,402914.29308015323,200357.84932041288,123.04,263.85
435577,402915.29308015323,200357.84932041288,123.09,255.96
435578,402916.29308015323,200357.84932041288,123.17,256.91
435579,402917.29308015323,200357.84932041288,123.29,260.22
435746,402903.29308015323,200356.84932041288,121.92,228.02
435747,402904.29308015323,200356.84932041288,121.97,257.47
435748,402905.29308015323,200356.84932041288,122.11,257.53
435749,402906.29308015323,200356.84932041288,122.22,249.96
435750,402907.29308015323,200356.84932041288,122.32,243.43
435751,402908.29308015323,200356.84932041288,122.39,240.42
435752,402909.29308015323,200356.84932041288,122.52,247.22
435753,402910.29308015323,200356.84932041288,122.7,244.59
435754,402911.29308015323,200356.84932041288,122.72,239.86
435755,402912.29308015323,200356.84932041288,122.82,250.74
435756,402913.29308015323,200356.84932041288,122.95,251.13
435757,402914.29308015323,200356.84932041288,123.02,247.89
435758,402915.29308015323,200356.84932041288,123.08,259.33
435759,402916.29308015323,200356.84932041288,123.19,270.63
435760,402917.29308015323,200356.84932041288,123.31,271.3
435929,402904.29308015323,200355.84932041288,122.0,262.5
435930,402905.29308015323,200355.84932041288,122.09,259.51
435931,402906.29308015323,200355.84932041288,122.19,252.44
435932,402907.29308015323,200355.84932041288,122.29,253.86
435933,402908.29308015323,200355.84932041288,122.37,255.17
435934,402909.29308015323,200355.84932041288,122.44,250.82
435935,402910.29308015323,200355.84932041288,122.58,243.71
435936,402911.29308015323,200355.84932041288,122.64,241.39
435937,402912.29308015323,200355.84932041288,122.78,242.3
435938,402913.29308015323,200355.84932041288,122.85,235.78
435939,402914.29308015323,200355.84932041288,122.96,239.03
435940,402915.29308015323,200355.84932041288,123.06,249.14
435941,402916.29308015323,200355.84932041288,123.18,254.13
435942,402917.29308015323,200355.84932041288,123.31,249.06
436111,402904.29308015323,200354.84932041288,121.97,229.27
436112,402905.29308015323,200354.84932041288,122.07,251.57
436113,402906.29308015323,200354.84932041288,122.15,251.57
436114,402907.29308015323,200354.84932041288,122.25,255.65
436115,402908.29308015323,200354.84932041288,122.38,261.43
436116,402909.29308015323,200354.84932041288,122.43,265.6
436117,402910.29308015323,200354.84932041288,122.57,264.68
436118,402911.29308015323,200354.84932041288,122.66,263.29
436119,402912.29308015323,200354.84932041288,122.71,259.02
436120,402913.29308015323,200354.84932041288,122.81,254.48
436121,402914.29308015323,200354.84932041288,122.9,250.67
436122,402915.29308015323,200354.84932041288,123.01,248.08
436123,402916.29308015323,200354.84932041288,123.13,245.75
436124,402917.29308015323,200354.84932041288,123.23,240.58
436125,402918.29308015323,200354.84932041288,123.33,240.0
436288,402904.29308015323,200353.84932041288,121.92,250.83
436289,402905.29308015323,200353.84932041288,122.04,251.13
436290,402906.29308015323,200353.84932041288,122.12,254.75
436291,402907.29308015323,200353.84932041288,122.23,257.2
436292,402908.29308015323,200353.84932041288,122.34,257.11
436293,402909.29308015323,200353.84932041288,122.45,258.11
436294,402910.29308015323,200353.84932041288,122.53,255.47
436295,402911.29308015323,200353.84932041288,122.65,254.87
436296,402912.29308015323,200353.84932041288,122.73,261.38
436297,402913.29308015323,200353.84932041288,122.81,257.28
436298,402914.29308015323,200353.84932041288,122.89,249.08
436299,402915.29308015323,200353.84932041288,122.97,252.76
436300,402916.29308015323,200353.84932041288,123.08,256.27
436301,402917.29308015323,200353.84932041288,123.19,253.86
436302,402918.29308015323,200353.84932041288,123.27,250.14
436462,402904.29308015323,200352.84932041288,121.89,259.74
436463,402905.29308015323,200352.84932041288,122.0,249.91
436464,402906.29308015323,200352.84932041288,122.1,251.14
436465,402907.29308015323,200352.84932041288,122.21,253.97
436466,402908.29308015323,200352.84932041288,122.31,253.61
436467,402909.29308015323,200352.84932041288,122.42,247.38
436468,402910.29308015323,200352.84932041288,122.5,247.69
436469,402911.29308015323,200352.84932041288,122.6,251.15
436470,402912.29308015323,200352.84932041288,122.7,252.51
436471,402913.29308015323,200352.84932041288,122.79,252.18
436472,402914.29308015323,200352.84932041288,122.81,258.03
436473,402915.29308015323,200352.84932041288,122.95,263.11
436474,402916.29308015323,200352.84932041288,123.07,264.47
436475,402917.29308015323,200352.84932041288,123.19,264.67
436476,402918.29308015323,200352.84932041288,123.25,260.39
436632,402905.29308015323,200351.84932041288,121.95,251.57
436633,402906.29308015323,200351.84932041288,122.06,246.97
436634,402907.29308015323,200351.84932041288,122.16,248.96
436635,402908.29308015323,200351.84932041288,122.29,247.48
436636,402909.29308015323,200351.84932041288,122.37,245.07
436637,402910.29308015323,200351.84932041288,122.44,256.72
436638,402911.29308015323,200351.84932041288,122.59,257.86
436639,402912.29308015323,200351.84932041288,122.66,253.86
436640,402913.29308015323,200351.84932041288,122.78,260.94
436641,402914.29308015323,200351.84932041288,122.84,270.83
436642,402915.29308015323,200351.84932041288,122.96,265.18
436643,402916.29308015323,200351.84932041288,123.04,254.41
436644,402917.29308015323,200351.84932041288,123.19,251.57
436645,402918.29308015323,200351.84932041288,123.24,257.38
436646,402919.29308015323,200351.84932041288,123.31,259.99
436797,402905.29308015323,200350.84932041288,121.94,215.15
436798,402906.29308015323,200350.84932041288,122.01,230.97
436799,402907.29308015323,200350.84932041288,122.11,253.03
436800,402908.29308015323,200350.84932041288,122.25,248.07
436801,402909.29308015323,200350.84932041288,122.3,245.32
436802,402910.29308015323,200350.84932041288,122.47,250.87
436803,402911.29308015323,200350.84932041288,122.57,247.16
436804,402912.29308015323,200350.84932041288,122.62,250.25
436805,402913.29308015323,200350.84932041288,122.76,254.51
436806,402914.29308015323,200350.84932041288,122.84,255.02
436807,402915.29308015323,200350.84932041288,122.93,255.41
436808,402916.29308015323,200350.84932041288,123.01,252.95
436809,402917.29308015323,200350.84932041288,123.09,252.38
436810,402918.29308015323,200350.84932041288,123.24,253.77
436811,402919.29308015323,200350.84932041288,123.34,256.38
436968,402906.29308015323,200349.84932041288,121.97,254.96
436969,402907.29308015323,200349.84932041288,122.1,265.33
436970,402908.29308015323,200349.84932041288,122.21,265.36
436971,402909.29308015323,200349.84932041288,122.28,260.94
436972,402910.29308015323,200349.84932041288,122.36,256.55
436973,402911.29308015323,200349.84932041288,122.5,251.13
436974,402912.29308015323,200349.84932041288,122.6,250.25
436975,402913.29308015323,200349.84932041288,122.71,247.48
436976,402914.29308015323,200349.84932041288,122.81,244.98
436977,402915.29308015323,200349.84932041288,122.9,254.98
436978,402916.29308015323,200349.84932041288,123.0,266.38
436979,402917.29308015323,200349.84932041288,123.1,267.06
436980,402918.29308015323,200349.84932041288,123.19,254.88
436981,402919.29308015323,200349.84932041288,123.27,248.2
437139,402906.29308015323,200348.84932041288,121.97,286.9
437140,402907.29308015323,200348.84932041288,122.1,260.64
437141,402908.29308015323,200348.84932041288,122.23,252.95
437142,402909.29308015323,200348.84932041288,122.29,257.13
437143,402910.29308015323,200348.84932041288,122.4,263.37
437144,402911.29308015323,200348.84932041288,122.5,259.56
437145,402912.29308015323,200348.84932041288,122.56,254.88
437146,402913.29308015323,200348.84932041288,122.67,249.7
437147,402914.29308015323,200348.84932041288,122.74,246.8
437148,402915.29308015323,200348.84932041288,122.87,254.75
437149,402916.29308015323,200348.84932041288,123.01,256.91
437150,402917.29308015323,200348.84932041288,123.1,250.56
437151,402918.29308015323,200348.84932041288,123.18,246.37
437152,402919.29308015323,200348.84932041288,123.25,248.75
437153,402920.29308015323,200348.84932041288,123.35,251.18
437308,402906.29308015323,200347.84932041288,121.98,254.62
437309,402907.29308015323,200347.84932041288,122.06,244.72
437310,402908.29308015323,200347.84932041288,122.13,239.93
437311,402909.29308015323,200347.84932041288,122.25,242.57
437312,402910.29308015323,200347.84932041288,122.34,247.75
437313,402911.29308015323,200347.84932041288,122.47,248.46
437314,402912.29308015323,200347.84932041288,122.54,250.15
437315,402913.29308015323,200347.84932041288,122.66,250.08
437316,402914.29308015323,200347.84932041288,122.7,251.57
437317,402915.29308015323,200347.84932041288,122.84,253.61
437318,402916.29308015323,200347.84932041288,122.96,255.26
437319,402917.29308015323,200347.84932041288,123.04,259.99
437320,402918.29308015323,200347.84932041288,123.11,261.87
437321,402919.29308015323,200347.84932041288,123.21,262.09
437322,402920.29308015323,200347.84932041288,123.3,261.1
437472,402906.29308015323,200346.84932041288,121.95,243.2
437473,402907.29308015323,200346.84932041288,122.0,240.94
437474,402908.29308015323,200346.84932041288,122.11,244.98
437475,402909.29308015323,200346.84932041288,122.19,247.14
437476,402910.29308015323,200346.84932041288,122.31,248.53
437477,402911.29308015323,200346.84932041288,122.42,246.63
437478,402912.29308015323,200346.84932041288,122.51,251.13
437479,402913.29308015323,200346.84932041288,122.59,258.69
437480,402914.29308015323,200346.84932041288,122.7,259.62
437481,402915.29308015323,200346.84932041288,122.78,254.31
437482,402916.29308015323,200346.84932041288,122.93,251.9
437483,402917.29308015323,200346.84932041288,123.1,252.0
437484,402918.29308015323,200346.84932041288,123.14,254.9
437485,402919.29308015323,200346.84932041288,123.24,256.53
437486,402920.29308015323,200346.84932041288,123.31,257.32
437632,402907.29308015323,200345.84932041288,121.97,247.62
437633,402908.29308015323,200345.84932041288,122.05,252.03
437634,402909.29308015323,200345.84932041288,122.15,254.06
437635,402910.29308015323,200345.84932041288,122.27,255.51
437636,402911.29308015323,200345.84932041288,122.36,256.61
437637,402912.29308015323,200345.84932041288,122.48,259.69
437638,402913.29308015323,200345.84932041288,122.62,259.25
437639,402914.29308015323,200345.84932041288,122.69,255.76
437644,402919.29308015323,200345.84932041288,123.15,244.98
437645,402920.29308015323,200345.84932041288,123.27,250.31
437786,402907.29308015323,200344.84932041288,121.94,234.73
437787,402908.29308015323,200344.84932041288,122.05,257.32
437788,402909.29308015323,200344.84932041288,122.13,263.37
437789,402910.29308015323,200344.84932041288,122.25,262.79
437790,402911.29308015323,200344.84932041288,122.37,257.62
437791,402912.29308015323,200344.84932041288,122.47,252.38
437792,402913.29308015323,200344.84932041288,122.56,247.69
437793,402914.29308015323,200344.84932041288,122.65,249.18
437794,402915.29308015323,200344.84932041288,122.74,254.74
437795,402916.29308015323,200344.84932041288,122.86,255.65
437796,402917.29308015323,200344.84932041288,122.98,249.77
437797,402918.29308015323,200344.84932041288,123.03,247.38
437935,402907.29308015323,200343.84932041288,121.89,233.1
437936,402908.29308015323,200343.84932041288,122.01,247.62
437937,402909.29308015323,200343.84932041288,122.13,252.3
437938,402910.29308015323,200343.84932041288,122.25,254.05
437939,402911.29308015323,200343.84932041288,122.31,252.01
437940,402912.29308015323,200343.84932041288,122.42,252.85
437941,402913.29308015323,200343.84932041288,122.52,254.62
437942,402914.29308015323,200343.84932041288,122.63,257.86
438084,402908.29308015323,200342.84932041288,121.94,261.25
438085,402909.29308015323,200342.84932041288,122.06,257.09
438086,402910.29308015323,200342.84932041288,122.2,255.19
438087,402911.29308015323,200342.84932041288,122.3,257.86
438220,402908.29308015323,200341.84932041288,121.98,228.41
429772,402921.29308015323,200382.84932041288,121.74,3.19
430023,402916.29308015323,200381.84932041288,121.87,342.9
430024,402917.29308015323,200381.84932041288,121.72,9.78
430027,402920.29308015323,200381.84932041288,121.95,314.53
430028,402921.29308015323,200381.84932041288,122.0,348.32
430029,402922.29308015323,200381.84932041288,122.02,350.66
430271,402916.29308015323,200380.84932041288,121.9,308.2
430272,402917.29308015323,200380.84932041288,121.95,21.74
430273,402918.29308015323,200380.84932041288,122.05,18.07
430274,402919.29308015323,200380.84932041288,122.11,348.57
430275,402920.29308015323,200380.84932041288,122.09,321.66
430276,402921.29308015323,200380.84932041288,122.19,345.26
430277,402922.29308015323,200380.84932041288,122.16,335.55
430525,402913.29308015323,200379.84932041288,121.95,338.67
430526,402914.29308015323,200379.84932041288,122.0,3.59
430527,402915.29308015323,200379.84932041288,122.07,337.23
430528,402916.29308015323,200379.84932041288,122.13,326.81
430529,402917.29308015323,200379.84932041288,122.17,342.26
430530,402918.29308015323,200379.84932041288,122.19,334.98
430531,402919.29308015323,200379.84932041288,122.22,341.9
430532,402920.29308015323,200379.84932041288,122.25,348.14
430533,402921.29308015323,200379.84932041288,122.26,345.4
430772,402909.29308015323,200378.84932041288,121.94,328.96
430773,402910.29308015323,200378.84932041288,121.99,354.73
430774,402911.29308015323,200378.84932041288,122.07,351.29
430775,402912.29308015323,200378.84932041288,122.12,349.65
430776,402913.29308015323,200378.84932041288,122.1,325.13
430777,402914.29308015323,200378.84932041288,122.15,345.72
430778,402915.29308015323,200378.84932041288,122.12,341.88
430779,402916.29308015323,200378.84932041288,122.2,342.86
430780,402917.29308015323,200378.84932041288,122.2,351.7
430781,402918.29308015323,200378.84932041288,122.25,334.21
430782,402919.29308015323,200378.84932041288,122.36,330.64
431025,402906.29308015323,200377.84932041288,121.99,310.51
431026,402907.29308015323,200377.84932041288,122.01,356.65
431027,402908.29308015323,200377.84932041288,122.08,333.36
431028,402909.29308015323,200377.84932041288,122.1,326.71
431029,402910.29308015323,200377.84932041288,122.1,351.72
431030,402911.29308015323,200377.84932041288,122.05,344.56
431031,402912.29308015323,200377.84932041288,122.14,339.83
431032,402913.29308015323,200377.84932041288,122.21,339.78
431033,402914.29308015323,200377.84932041288,122.29,341.56
431034,402915.29308015323,200377.84932041288,122.33,339.68
431035,402916.29308015323,200377.84932041288,122.42,343.99
431036,402917.29308015323,200377.84932041288,122.4,354.47
431037,402918.29308015323,200377.84932041288,122.4,342.39
431038,402919.29308015323,200377.84932041288,122.46,334.82
431268,402902.29308015323,200376.84932041288,121.91,302.27
431269,402903.29308015323,200376.84932041288,122.0,8.99
431270,402904.29308015323,200376.84932041288,122.03,11.09
431271,402905.29308015323,200376.84932041288,122.07,345.91
431272,402906.29308015323,200376.84932041288,122.09,318.58
431273,402907.29308015323,200376.84932041288,122.08,344.31
431274,402908.29308015323,200376.84932041288,122.14,332.9
431275,402909.29308015323,200376.84932041288,122.21,339.66
431276,402910.29308015323,200376.84932041288,122.27,345.31
431277,402911.29308015323,200376.84932041288,122.34,347.01
431278,402912.29308015323,200376.84932041288,122.35,345.16
431279,402913.29308015323,200376.84932041288,122.35,343.39
431280,402914.29308015323,200376.84932041288,122.37,341.56
431281,402915.29308015323,200376.84932041288,122.42,339.73
431282,402916.29308015323,200376.84932041288,122.46,342.22
431283,402917.29308015323,200376.84932041288,122.53,349.74
431284,402918.29308015323,200376.84932041288,122.57,340.93
431509,402902.29308015323,200375.84932041288,122.08,313.75
431510,402903.29308015323,200375.84932041288,122.13,345.84
431511,402904.29308015323,200375.84932041288,122.12,350.54
431512,402905.29308015323,200375.84932041288,122.17,338.2
431513,402906.29308015323,200375.84932041288,122.24,347.17
431514,402907.29308015323,200375.84932041288,122.22,348.49
431515,402908.29308015323,200375.84932041288,122.3,339.44
431516,402909.29308015323,200375.84932041288,122.31,341.57
431517,402910.29308015323,200375.84932041288,122.35,344.28
431518,402911.29308015323,200375.84932041288,122.37,344.75
431519,402912.29308015323,200375.84932041288,122.42,339.59
431520,402913.29308015323,200375.84932041288,122.5,337.99
431521,402914.29308015323,200375.84932041288,122.57,339.12
431522,402915.29308015323,200375.84932041288,122.62,337.22
431523,402916.29308015323,200375.84932041288,122.67,341.25
431524,402917.29308015323,200375.84932041288,122.67,349.65
431525,402918.29308015323,200375.84932041288,122.66,342.17
431747,402904.29308015323,200374.84932041288,122.29,353.42
431748,402905.29308015323,200374.84932041288,122.26,342.58
431749,402906.29308015323,200374.84932041288,122.35,340.86
431750,402907.29308015323,200374.84932041288,122.38,344.27
431751,402908.29308015323,200374.84932041288,122.41,338.83
431752,402909.29308015323,200374.84932041288,122.49,341.56
431753,402910.29308015323,200374.84932041288,122.55,349.65
431754,402911.29308015323,200374.84932041288,122.53,351.18
431755,402912.29308015323,200374.84932041288,122.57,344.74
431756,402913.29308015323,200374.84932041288,122.58,339.83
431757,402914.29308015323,200374.84932041288,122.63,337.68
431758,402915.29308015323,200374.84932041288,122.64,334.12
431759,402916.29308015323,200374.84932041288,122.76,337.46
431760,402917.29308015323,200374.84932041288,122.8,346.2
431978,402906.29308015323,200373.84932041288,122.47,344.18
431979,402907.29308015323,200373.84932041288,122.48,342.39
431980,402908.29308015323,200373.84932041288,122.58,342.39
431981,402909.29308015323,200373.84932041288,122.6,343.99
431982,402910.29308015323,200373.84932041288,122.63,348.29
431983,402911.29308015323,200373.84932041288,122.67,354.51
431984,402912.29308015323,200373.84932041288,122.7,347.27
431985,402913.29308015323,200373.84932041288,122.74,338.81
431986,402914.29308015323,200373.84932041288,122.79,336.56
431987,402915.29308015323,200373.84932041288,122.89,336.8
431988,402916.29308015323,200373.84932041288,122.92,339.5
432216,402910.29308015323,200372.84932041288,122.82,348.29
432217,402911.29308015323,200372.84932041288,122.82,355.6
432218,402912.29308015323,200372.84932041288,122.76,349.19
432219,402913.29308015323,200372.84932041288,122.84,342.6
432220,402914.29308015323,200372.84932041288,122.9,338.04
432221,402915.29308015323,200372.84932041288,122.97,339.39
432456,402913.29308015323,200371.84932041288,123.09,347.25
432457,402914.29308015323,200371.84932041288,123.09,342.11
429002,402928.29308015323,200385.84932041288,114.33,21.08
429263,402926.29308015323,200384.84932041288,114.83,356.67
429264,402927.29308015323,200384.84932041288,117.93,3.9
429265,402928.29308015323,200384.84932041288,117.84,62.76
429262,402925.29308015323,200384.84932041288,117.08,10.26
429518,402923.29308015323,200383.84932041288,117.5,310.38
429520,402925.29308015323,200383.84932041288,121.67,6.98
429523,402928.29308015323,200383.84932041288,114.48,85.71
429517,402922.29308015323,200383.84932041288,114.7,342.54
429524,402929.29308015323,200383.84932041288,114.31,93.01
429771,402920.29308015323,200382.84932041288,119.44,312.4
429773,402922.29308015323,200382.84932041288,120.34,356.13
429774,402923.29308015323,200382.84932041288,121.98,327.56
429778,402927.29308015323,200382.84932041288,116.41,58.75
429779,402928.29308015323,200382.84932041288,119.35,40.52
429780,402929.29308015323,200382.84932041288,114.28,51.35
429770,402919.29308015323,200382.84932041288,114.6,302.85
430025,402918.29308015323,200381.84932041288,120.29,13.45
430026,402919.29308015323,200381.84932041288,118.87,342.15
430036,402929.29308015323,200381.84932041288,117.79,85.1
430268,402913.29308015323,200380.84932041288,121.46,3.36
430269,402914.29308015323,200380.84932041288,120.17,355.03
430270,402915.29308015323,200380.84932041288,120.83,320.81
430283,402928.29308015323,200380.84932041288,121.41,99.01
430284,402929.29308015323,200380.84932041288,114.41,77.96
430267,402912.29308015323,200380.84932041288,121.77,351.92
430285,402930.29308015323,200380.84932041288,114.29,58.86
430522,402910.29308015323,200379.84932041288,120.05,343.62
430523,402911.29308015323,200379.84932041288,121.41,322.39
430524,402912.29308015323,200379.84932041288,120.51,325.01
430540,402928.29308015323,200379.84932041288,118.23,44.45
430542,402930.29308015323,200379.84932041288,115.17,56.68
430521,402909.29308015323,200379.84932041288,121.09,347.76
430770,402907.29308015323,200378.84932041288,119.11,352.19
430771,402908.29308015323,200378.84932041288,120.63,324.44
430793,402930.29308015323,200378.84932041288,117.74,101.59
430769,402906.29308015323,200378.84932041288,120.32,327.87
431023,402904.29308015323,200377.84932041288,118.11,12.91
431024,402905.29308015323,200377.84932041288,116.09,330.61
431047,402928.29308015323,200377.84932041288,117.0,99.9
431048,402929.29308015323,200377.84932041288,115.06,109.1
431049,402930.29308015323,200377.84932041288,116.47,83.21
431022,402903.29308015323,200377.84932041288,119.54,7.97
431050,402931.29308015323,200377.84932041288,114.29,71.82
431266,402900.29308015323,200376.84932041288,117.26,4.11
431267,402901.29308015323,200376.84932041288,115.83,308.7
431294,402928.29308015323,200376.84932041288,121.32,32.44
431295,402929.29308015323,200376.84932041288,120.19,33.99
431296,402930.29308015323,200376.84932041288,118.83,72.18
431297,402931.29308015323,200376.84932041288,115.34,100.4
431504,402897.29308015323,200375.84932041288,116.06,338.03
431505,402898.29308015323,200375.84932041288,119.72,319.15
431508,402901.29308015323,200375.84932041288,121.51,344.24
431537,402930.29308015323,200375.84932041288,115.5,90.63
431538,402931.29308015323,200375.84932041288,114.95,90.4
431741,402898.29308015323,200374.84932041288,119.83,323.12
431740,402897.29308015323,200374.84932041288,121.22,318.47
431773,402930.29308015323,200374.84932041288,117.51,52.31
431774,402931.29308015323,200374.84932041288,116.1,44.54
432002,402930.29308015323,200373.84932041288,121.18,66.19
432003,402931.29308015323,200373.84932041288,119.61,84.81
432004,402932.29308015323,200373.84932041288,114.28,86.12
432237,402931.29308015323,200372.84932041288,114.87,74.06
432238,402932.29308015323,200372.84932041288,114.47,48.13
432441,402898.29308015323,200371.84932041288,121.88,257.52
432474,402931.29308015323,200371.84932041288,121.07,56.16
432475,402932.29308015323,200371.84932041288,117.95,60.17
432714,402931.29308015323,200370.84932041288,119.81,92.57
432715,402932.29308015323,200370.84932041288,117.75,88.91
432716,402933.29308015323,200370.84932041288,114.32,87.26
432950,402931.29308015323,200369.84932041288,120.42,62.13
432951,402932.29308015323,200369.84932041288,118.43,73.15
432952,402933.29308015323,200369.84932041288,114.72,81.36
433198,402932.29308015323,200368.84932041288,120.36,81.32
433199,402933.29308015323,200368.84932041288,114.38,86.06
433445,402932.29308015323,200367.84932041288,119.76,68.6
433446,402933.29308015323,200367.84932041288,114.74,60.29
433447,402934.29308015323,200367.84932041288,114.37,48.08
433691,402933.29308015323,200366.84932041288,120.45,74.7
433692,402934.29308015323,200366.84932041288,114.45,79.47
433931,402933.29308015323,200365.84932041288,117.4,74.14
433932,402934.29308015323,200365.84932041288,114.49,61.92
434135,402900.29308015323,200364.84932041288,121.89,261.73
434170,402935.29308015323,200364.84932041288,114.68,69.26
434169,402934.29308015323,200364.84932041288,118.73,64.55
434401,402933.29308015323,200363.84932041288,118.13,92.96
434402,402934.29308015323,200363.84932041288,118.91,95.14
434403,402935.29308015323,200363.84932041288,114.73,94.67
434631,402934.29308015323,200362.84932041288,117.87,70.0
434632,402935.29308015323,200362.84932041288,114.42,83.15
434812,402901.29308015323,200361.84932041288,121.88,263.17
434847,402936.29308015323,200361.84932041288,114.3,46.09
434846,402935.29308015323,200361.84932041288,114.45,71.85
435048,402934.29308015323,200360.84932041288,117.49,77.18
435049,402935.29308015323,200360.84932041288,118.14,68.54
435050,402936.29308015323,200360.84932041288,114.37,69.15
435239,402935.29308015323,200359.84932041288,118.52,75.83
435240,402936.29308015323,200359.84932041288,114.46,84.63
435384,402902.29308015323,200358.84932041288,121.89,263.53
435417,402935.29308015323,200358.84932041288,118.96,70.74
435418,402936.29308015323,200358.84932041288,114.69,67.06
435598,402936.29308015323,200357.84932041288,116.98,46.18
435599,402937.29308015323,200357.84932041288,114.57,23.67
435780,402937.29308015323,200356.84932041288,118.82,31.38
435928,402903.29308015323,200355.84932041288,121.91,253.79
435961,402936.29308015323,200355.84932041288,121.42,73.7
435962,402937.29308015323,200355.84932041288,120.0,73.42
436144,402937.29308015323,200354.84932041288,120.88,101.67
436145,402938.29308015323,200354.84932041288,117.93,133.56
436321,402937.29308015323,200353.84932041288,119.56,111.63
436322,402938.29308015323,200353.84932041288,115.55,135.85
436495,402937.29308015323,200352.84932041288,117.77,74.42
436496,402938.29308015323,200352.84932041288,114.52,71.57
436666,402939.29308015323,200351.84932041288,114.55,54.09
436665,402938.29308015323,200351.84932041288,117.96,61.91
436967,402905.29308015323,200349.84932041288,120.22,244.11
437138,402905.29308015323,200348.84932041288,120.56,274.7
437327,402925.29308015323,200347.84932041288,123.24,72.9
437328,402926.29308015323,200347.84932041288,123.09,75.47
437329,402927.29308015323,200347.84932041288,123.04,75.41
437631,402906.29308015323,200345.84932041288,121.89,261.34
437646,402921.29308015323,200345.84932041288,123.37,249.44
437640,402915.29308015323,200345.84932041288,122.77,255.62
437641,402916.29308015323,200345.84932041288,122.86,252.65
437642,402917.29308015323,200345.84932041288,122.97,243.43
437643,402918.29308015323,200345.84932041288,123.09,237.31
438083,402907.29308015323,200342.84932041288,121.88,253.62
